record_id,split,group_id
r0005b6f560,train,g_130e69362b63b2d4bad0
r000c3e8fc9,validation,g_bb01a33c56cef4208f6b
r002efba269,train,g_3825318f99a8a52ce663
r00393bdbc9,train,g_bf625efa60acb15aa095
r004f7273af,train,g_533ab23b46779a4ec762
r006927716b,train,g_d150a7f10500a05001ba
r00737652af,validation,g_1c7150532e5cec15272f
r009d33b0a5,train,g_12172003719e75c38ad3
r00b1c2679a,train,g_6988f49896af983b510b
r00b969d32e,validation,g_a9388a6f9ec6e0229812
r00ce857dcb,train,g_3eae169ea4f7b7ce932b
r00cf438dea,train,g_d150a7f10500a05001ba
r00d1033681,train,g_6648f2c0f0fe369637d0
r00d588c6bb,train,g_5a6cbe2d23a24c896e26
r00fc749c61,train,g_425069c50793546fbdae
r0126a5a466,validation,g_a9388a6f9ec6e0229812
r015cbcee0a,train,g_46e3a4936cc807ecee01
r01664305e1,train,g_f9aa0de4a54979a5219e
r017876606e,train,g_28ce411514bcf7a5f918
r01d183fe3e,train,g_479dd5bb04884a25d51d
r01d5a44e0f,train,g_0fb0b6f2e5098b659573
r01e2ddcd97,train,g_a0846cd9ef586f286ba7
r01fb93c923,train,g_1d1c3c2dac0772c79e45
r01fecbf30a,validation,g_1dd38b09aede1c3a8a54
r027281d38b,train,g_7c8a9fdc4be3b31fc412
r0273decaf8,validation,g_46d7b5b46358b4b2bac6
r02a4b44a06,train,g_3eae169ea4f7b7ce932b
r02af495468,validation,g_a9388a6f9ec6e0229812
r02c0a68b89,train,g_54015112a7cd699801af
r02f214a734,validation,g_46d7b5b46358b4b2bac6
r02f4c521cc,train,g_1cc3404ed5249fe50fc7
r031e5812ea,validation,g_42208d6c736b6bfce214
r031f2471ad,train,g_2fdf55e1de60c104f543
r032cca4be3,validation,g_bb01a33c56cef4208f6b
r03333818ff,train,g_425069c50793546fbdae
r033cc5a6cc,train,g_2b0a3b365cdf5c1891d8
r035464398b,train,g_533ab23b46779a4ec762
r036e5cdde6,validation,g_42208d6c736b6bfce214
r0382ad154c,train,g_bf625efa60acb15aa095
r03c4c2ae04,train,g_5444921e7ba299f7ff62
r03d797728d,train,g_54015112a7cd699801af
r03ee4b2742,train,g_3bd2ecd273e010ebe3bf
r0405871143,train,g_1cc3404ed5249fe50fc7
r0409e4cab6,train,g_80c285c2a68e7a472564
r041bb45d4f,train,g_9f6f4c1447a7f2beb43d
r043407bfdd,train,g_1f8704498bef01e0a959
r046bf6ae3c,train,g_019f0d69e32ee2873bf6
r049ca11b93,train,g_7c8a9fdc4be3b31fc412
r04a0787396,train,g_69a034ea92bad62fd5e1
r04a192ac14,train,g_80c285c2a68e7a472564
r04ac3010bf,train,g_4e6d25dc7fa97d552650
r04b598c5e3,train,g_d150a7f10500a05001ba
r04b90fbd21,validation,g_bb01a33c56cef4208f6b
r04c8efbb68,train,g_46e3a4936cc807ecee01
r04d0739283,train,g_80f54a1ac2cec10a6d4d
r04db5c4018,validation,g_46d7b5b46358b4b2bac6
r04f28420bd,train,g_479dd5bb04884a25d51d
r05096688fc,train,g_6988f49896af983b510b
r0509b26b4b,train,g_1d935fdb13554fd278f5
r05290b8c88,train,g_14983568e45bca922e78
r0532afbc4f,train,g_5c3e622fe88dc96aec74
r053530e8b9,train,g_479dd5bb04884a25d51d
r055adcb00e,train,g_425069c50793546fbdae
r055f2f23a7,train,g_7aff5be4efaa534e0adb
r0587d3f239,train,g_425069c50793546fbdae
r058df89080,train,g_47bfe8d656c2f19e923a
r05ca0f1e14,train,g_80f54a1ac2cec10a6d4d
r05d9c40342,train,g_7c8a9fdc4be3b31fc412
r05e8d76f86,train,g_3a1a21cd04337b91aa81
r05f414b92e,train,g_550d9f21a7e50258a353
r05fb25967d,train,g_d3f2c365e5211b3e299b
r0650c98c58,train,g_6126d9be31bf068f73fc
r0666323cc1,train,g_a4e39f946fe8efdd19f4
r067f19a6bc,validation,g_46d7b5b46358b4b2bac6
r06f51364fe,validation,g_46d7b5b46358b4b2bac6
r06fc92cae7,validation,g_46d7b5b46358b4b2bac6
r071122f4fe,train,g_36860bee34a8f40c4da5
r071a76a743,train,g_20184c14d46ecfeb6df7
r071bb28b2a,validation,g_59901442130f93aa7e45
r072682334e,validation,g_1c7150532e5cec15272f
r07446a25cf,validation,g_46d7b5b46358b4b2bac6
r077a91e649,train,g_1d1c3c2dac0772c79e45
r077feb2265,validation,g_46d7b5b46358b4b2bac6
r07b2d77762,train,g_595aed2b498649a0161b
r07f829011f,validation,g_46d7b5b46358b4b2bac6
r0801ee9b36,validation,g_46d7b5b46358b4b2bac6
r080355dc26,train,g_3d5081024fb9ae61bb5e
r080893a9bf,train,g_3eae169ea4f7b7ce932b
r081722aa2f,validation,g_46d7b5b46358b4b2bac6
r084aac1c74,train,g_2df763992eef446a425d
r084e2a38ad,train,g_fdfc69eae14c1c5db260
r0878af2eb7,train,g_7c8a9fdc4be3b31fc412
r087cf6c3e9,train,g_130e69362b63b2d4bad0
r08c064053b,train,g_731608e817a1b0314217
r08d57e7edc,train,g_d70574695a075a5d476f
r08e032d807,train,g_595aed2b498649a0161b
r08e86ced22,validation,g_a9388a6f9ec6e0229812
r08fcfdb43e,train,g_0465bebf3d40565ce87f
r0919f8241f,train,g_1c1686a062ed38b65139
r0923ea3266,train,g_28ce411514bcf7a5f918
r095ee95ce3,train,g_3825318f99a8a52ce663
r0987c2f075,train,g_54015112a7cd699801af
r0991c21b75,validation,g_46d7b5b46358b4b2bac6
r09acf33465,train,g_d150a7f10500a05001ba
r09b9676bfb,train,g_731608e817a1b0314217
r09dfb95d80,train,g_20184c14d46ecfeb6df7
r0a0887cc68,validation,g_46d7b5b46358b4b2bac6
r0a31f6a4c6,train,g_479dd5bb04884a25d51d
r0a3d42b58a,validation,g_bb01a33c56cef4208f6b
r0a6922cc63,train,g_14a61e55cd8099b69a67
r0a7db5e275,train,g_479dd5bb04884a25d51d
r0a8e6a8c04,train,g_595aed2b498649a0161b
r0a91ca121e,train,g_7aff5be4efaa534e0adb
r0aaf8aaafe,train,g_6988f49896af983b510b
r0acb37d0b1,train,g_d70574695a075a5d476f
r0ade8d9bef,train,g_0465bebf3d40565ce87f
r0af98014fa,train,g_425069c50793546fbdae
r0b305cd25c,train,g_7aff5be4efaa534e0adb
r0b61eb090e,train,g_7aff5be4efaa534e0adb
r0b73b56154,train,g_a0846cd9ef586f286ba7
r0be9f0f533,validation,g_fdd02bd52e3a716accb4
r0c0514b36c,train,g_6988f49896af983b510b
r0c3657cde9,train,g_b4ba800ed010f536162b
r0c3bd22b6d,validation,g_46d7b5b46358b4b2bac6
r0c493c7a88,train,g_150368e0f20e70f5ff59
r0c5057a137,validation,g_46d7b5b46358b4b2bac6
r0c9886f495,train,g_46e3a4936cc807ecee01
r0ca64c740f,train,g_36860bee34a8f40c4da5
r0ca79c43d5,train,g_bf625efa60acb15aa095
r0cc0712c55,train,g_3eae169ea4f7b7ce932b
r0ce1246561,validation,g_1c7150532e5cec15272f
r0ce9f0e77b,validation,g_46d7b5b46358b4b2bac6
r0d01350613,validation,g_beb256d74c4a98913610
r0d0220700f,train,g_1c1686a062ed38b65139
r0d096271c4,train,g_e7fde9f3a8b659ae176f
r0d2756bb55,train,g_7c8c72d0ebe4f31781ed
r0d35c5d147,train,g_46e3a4936cc807ecee01
r0d3aa66df4,train,g_54015112a7cd699801af
r0d439a484d,train,g_bf625efa60acb15aa095
r0d4ef2c195,train,g_24b27a4f9aba0388fb5b
r0d65bc0c86,validation,g_1c7150532e5cec15272f
r0d7be20a37,validation,g_46d7b5b46358b4b2bac6
r0d9e012c44,train,g_85ae061a38d30f75bcf8
r0de3b3b8bd,validation,g_1c7150532e5cec15272f
r0def301251,train,g_731608e817a1b0314217
r0df1667b64,train,g_6fb27dafd478c4523f13
r0e5df90fdd,train,g_d150a7f10500a05001ba
r0e61a684b6,train,g_6988f49896af983b510b
r0e6b8245d8,train,g_7aff5be4efaa534e0adb
r0e9a17300a,validation,g_42208d6c736b6bfce214
r0ea26f9e61,train,g_a08ebd776d4d41bf4e07
r0eb755656d,train,g_99ab239ed74c6d156339
r0f0279f2b9,train,g_d70574695a075a5d476f
r0f11b24fae,validation,g_22863a84511ddec3c973
r0f28714043,train,g_7c8a9fdc4be3b31fc412
r0f557127c1,train,g_54015112a7cd699801af
r0f9b358da3,validation,g_fdd02bd52e3a716accb4
r0fbd13df7f,train,g_eb609d9c385bb64b82f2
r0fc240ea4d,train,g_550d9f21a7e50258a353
r0fc9170d08,train,g_479dd5bb04884a25d51d
r0fd6e234a5,train,g_f9aa0de4a54979a5219e
r0fdaa3f454,validation,g_46d7b5b46358b4b2bac6
r10548cd419,train,g_43e056a59152598ec4d6
r105acefcf8,train,g_479dd5bb04884a25d51d
r105e160d3f,train,g_e80b90722e0ccdf8fbaf
r105febbe5b,train,g_7aff5be4efaa534e0adb
r1068dbd0fe,train,g_130e69362b63b2d4bad0
r106e861528,train,g_5c3e622fe88dc96aec74
r1081b73458,train,g_239cdf76f45054449c76
r1081fa7c99,train,g_eb609d9c385bb64b82f2
r10858800bf,train,g_d150a7f10500a05001ba
r1100730869,validation,g_46d7b5b46358b4b2bac6
r1138e6cad5,train,g_b4ba800ed010f536162b
r114f6eebce,train,g_479dd5bb04884a25d51d
r116730d24b,train,g_fce302bc627e11f4633d
r1167cfc4a5,train,g_46e3a4936cc807ecee01
r1168080da1,train,g_e03fb6111a1bf97f0447
r116851d3a3,validation,g_42208d6c736b6bfce214
r11968ef9ec,train,g_0465bebf3d40565ce87f
r11fb6ac83a,train,g_425069c50793546fbdae
r1245d1ca3d,train,g_479dd5bb04884a25d51d
r1295217563,train,g_0465bebf3d40565ce87f
r129d85187d,train,g_7c8a9fdc4be3b31fc412
r12b5975c74,validation,g_46d7b5b46358b4b2bac6
r12b772b610,train,g_5ff73b8bb3f4a93fc4d8
r12f2322829,train,g_5c3e622fe88dc96aec74
r1311f966be,train,g_7aff5be4efaa534e0adb
r131a0e0132,train,g_731608e817a1b0314217
r135fb2cb98,train,g_3825318f99a8a52ce663
r136132bc70,train,g_7c8a9fdc4be3b31fc412
r1381f4e2c9,train,g_5b6f3de613e34fa9bd5f
r13982552eb,train,g_2d0320d753d47dee7f1b
r13be39c2ed,train,g_46e3a4936cc807ecee01
r13c2435103,validation,g_a9388a6f9ec6e0229812
r13c839f27f,train,g_5c3e622fe88dc96aec74
r13dbdaf0d4,train,g_ae801d4b8f9b72a37940
r13def187d5,validation,g_bb01a33c56cef4208f6b
r13ec76f1f6,train,g_c52925da5758565fd511
r13f95ebd18,train,g_239cdf76f45054449c76
r140088f227,train,g_d70574695a075a5d476f
r14045c22c8,validation,g_1c7150532e5cec15272f
r1419f507f3,train,g_130e69362b63b2d4bad0
r1423a80c34,train,g_eb609d9c385bb64b82f2
r1423b23664,train,g_46e3a4936cc807ecee01
r142756cf92,train,g_1f8704498bef01e0a959
r14415c6483,train,g_eb609d9c385bb64b82f2
r146958e16f,train,g_7c8a9fdc4be3b31fc412
r146a2a7ab3,validation,g_bb01a33c56cef4208f6b
r14b48258ae,validation,g_4797d19f71e7e18d759b
r14ba63544a,validation,g_46d7b5b46358b4b2bac6
r14c261831c,validation,g_bb01a33c56cef4208f6b
r14d09b4643,train,g_1d4566ae7ca2372bc2ca
r14dc04d1e9,validation,g_46d7b5b46358b4b2bac6
r14e1ab1c40,train,g_9a9760fc200dada6b10d
r14eb150fb1,validation,g_59901442130f93aa7e45
r14f10015b5,train,g_20184c14d46ecfeb6df7
r14f2148443,train,g_1ff1a2e43604e65807bc
r15125f9c52,train,g_c52925da5758565fd511
r1528643ee0,train,g_1c1686a062ed38b65139
r1532227e1e,validation,g_46d7b5b46358b4b2bac6
r15479b8ac2,train,g_6988f49896af983b510b
r154945c536,train,g_7c8a9fdc4be3b31fc412
r15ae934b6b,train,g_bf625efa60acb15aa095
r15b43de865,train,g_d70574695a075a5d476f
r15e242bc30,train,g_7aff5be4efaa534e0adb
r165cb550a6,train,g_dfc6cbe8cd727cfbd89c
r1681421f01,train,g_2eb0c6de6eee006dc2fd
r16b62d7659,train,g_11470505f97c3b35e50b
r16def39bed,train,g_6988f49896af983b510b
r1717255fe9,train,g_28ce411514bcf7a5f918
r172e56cd95,train,g_36860bee34a8f40c4da5
r17355cf2d1,train,g_1d1c3c2dac0772c79e45
r173e6940ed,train,g_5486a82b18271830fc8e
r17643d3de3,train,g_3d5081024fb9ae61bb5e
r176ed12288,train,g_3eae169ea4f7b7ce932b
r178f12901d,train,g_0ee82bc31ae065b87628
r17b47e91f9,train,g_731608e817a1b0314217
r17bf586fa6,train,g_533ab23b46779a4ec762
r17d9dbea70,train,g_731608e817a1b0314217
r17df7255d0,train,g_e03fb6111a1bf97f0447
r180a8a791b,train,g_3eae169ea4f7b7ce932b
r1816ff01c5,validation,g_46d7b5b46358b4b2bac6
r18205b6c3e,validation,g_46d7b5b46358b4b2bac6
r187990134b,train,g_e9577c9b5ff695b147cd
r187d537104,validation,g_a9388a6f9ec6e0229812
r188252ec1c,validation,g_46d7b5b46358b4b2bac6
r1886af1fde,validation,g_a9388a6f9ec6e0229812
r189134df56,train,g_a0846cd9ef586f286ba7
r18996c8fc1,train,g_425069c50793546fbdae
r193e17bf50,train,g_1418c12f26b90c0e25f6
r193f2cdff5,train,g_bf625efa60acb15aa095
r1947932ce5,train,g_1ff1a2e43604e65807bc
r194bdb8be4,validation,g_46d7b5b46358b4b2bac6
r194c0991bc,train,g_80c285c2a68e7a472564
r19716f21b0,train,g_1f8704498bef01e0a959
r1986c449e0,validation,g_2cad0b81e4ed2e2231c8
r19a71300ad,train,g_3eae169ea4f7b7ce932b
r19d4aa429d,train,g_8225f784c3b179ef8cb6
r19dfdf6ca9,validation,g_42208d6c736b6bfce214
r1a6266a142,validation,g_46d7b5b46358b4b2bac6
r1a77efb03d,train,g_479dd5bb04884a25d51d
r1ad845b566,train,g_8d2a1222e59c46d017f3
r1b0ce4e25e,train,g_019f0d69e32ee2873bf6
r1b4dd63c16,validation,g_46d7b5b46358b4b2bac6
r1b520f72fa,train,g_54015112a7cd699801af
r1b7d42dd2f,validation,g_a9388a6f9ec6e0229812
r1b84647bab,train,g_d150a7f10500a05001ba
r1baf681e82,train,g_e03fb6111a1bf97f0447
r1bf4ef9651,validation,g_a9388a6f9ec6e0229812
r1bff0e1fbd,train,g_6988f49896af983b510b
r1c12ae08c5,train,g_1d1c3c2dac0772c79e45
r1c7033dc25,train,g_46e3a4936cc807ecee01
r1cbcba1cd8,train,g_5486a82b18271830fc8e
r1cc4e416d7,train,g_6988f49896af983b510b
r1d0269f597,validation,g_46d7b5b46358b4b2bac6
r1d3b9f3151,validation,g_7b4ed96fb42d0cf19792
r1d54757ecc,train,g_acf8801c797ba8d29269
r1d67b51f0c,train,g_6988f49896af983b510b
r1d69dd2fdd,train,g_1f8704498bef01e0a959
r1d7cd91af4,train,g_425069c50793546fbdae
r1d838e1897,train,g_7c8a9fdc4be3b31fc412
r1d900c8933,train,g_130e69362b63b2d4bad0
r1d9068a408,train,g_d70574695a075a5d476f
r1da1160814,train,g_425069c50793546fbdae
r1da6f7c1f8,train,g_9f6f4c1447a7f2beb43d
r1dab094729,train,g_6988f49896af983b510b
r1dd8449af0,train,g_f9aa0de4a54979a5219e
r1dff620dca,train,g_fd556e45f0d9635d4431
r1e05754eb0,train,g_0dfea6e95bcbbf9c3e27
r1e071e0704,train,g_c52925da5758565fd511
r1e1342e8c1,train,g_46e3a4936cc807ecee01
r1e64493eb8,train,g_3d5081024fb9ae61bb5e
r1e81ea537d,train,g_ad79a481455135b7a127
r1e8a5be817,train,g_7aff5be4efaa534e0adb
r1e8e099770,train,g_88c9f76a7532b40025f7
r1e98139d11,train,g_7ad25016a11ab25bc1fc
r1eea2c269a,train,g_46e3a4936cc807ecee01
r1f00618bba,train,g_6988f49896af983b510b
r1f15c15db1,train,g_3eae169ea4f7b7ce932b
r1f20edb78e,validation,g_a9388a6f9ec6e0229812
r1f3e001ba5,train,g_dbe198826655b9b72ce7
r1f47fedb81,validation,g_1c7150532e5cec15272f
r1f4ec3c0ec,train,g_731608e817a1b0314217
r1f8a6db579,train,g_d150a7f10500a05001ba
r1fa9b9a3cc,validation,g_1c7150532e5cec15272f
r1fc6826e35,train,g_6b5ff146c1cd506321ed
r1fc8194d6a,train,g_bf8a7c2b201cc211e893
r1fd48b7b95,train,g_ad79a481455135b7a127
r1fd965e67f,train,g_46e3a4936cc807ecee01
r1fe18413be,train,g_425069c50793546fbdae
r1fe4904771,train,g_46e3a4936cc807ecee01
r1ff934788c,train,g_425069c50793546fbdae
r1fff2595f4,train,g_7aff5be4efaa534e0adb
r207089e356,train,g_2df763992eef446a425d
r20be595e60,train,g_7c8a9fdc4be3b31fc412
r20d1d0de9e,train,g_731608e817a1b0314217
r20fd7ff125,validation,g_237168c3ffaebbf54a6b
r211e62d88c,train,g_14a61e55cd8099b69a67
r21377913fa,train,g_31a34aedb8bb0d5fc062
r2155dc8efa,train,g_1f8704498bef01e0a959
r2164da4a80,train,g_130e69362b63b2d4bad0
r21658d3e99,train,g_80f54a1ac2cec10a6d4d
r2179042189,validation,g_a9388a6f9ec6e0229812
r218496fd1b,train,g_6126d9be31bf068f73fc
r21a5fcccff,train,g_f19583ef779f5b76a42d
r21b7feb43b,train,g_7aff5be4efaa534e0adb
r21c001251f,validation,g_46d7b5b46358b4b2bac6
r21c3ce6983,train,g_5f118c8e9e3738968c1e
r21e61e31e2,validation,g_1c7150532e5cec15272f
r21eed4b9a2,train,g_bf625efa60acb15aa095
r21f0660741,validation,g_a9388a6f9ec6e0229812
r21f7fb9335,train,g_1d1c3c2dac0772c79e45
r2231851568,train,g_0dfea6e95bcbbf9c3e27
r223c50653f,train,g_4e2bfbf24bcd201ae334
r223ce9879a,train,g_595aed2b498649a0161b
r224f8cec5f,validation,g_1c7150532e5cec15272f
r2255e1a7d2,train,g_4e2bfbf24bcd201ae334
r2296d68ea6,train,g_7c8a9fdc4be3b31fc412
r22c36edb30,train,g_d150a7f10500a05001ba
r22cc790005,train,g_2134ad4314270d2e1fdb
r22fc8de604,train,g_3c9cb848a138d55f8c77
r23116baa9b,validation,g_a9388a6f9ec6e0229812
r232716e7a3,validation,g_bb01a33c56cef4208f6b
r236959348a,train,g_b8359dc275049b08d5c5
r23743f2dc0,train,g_6988f49896af983b510b
r2379bc5cf3,train,g_7c8a9fdc4be3b31fc412
r2381c4cc9f,train,g_019f0d69e32ee2873bf6
r23d746b9a3,validation,g_46d7b5b46358b4b2bac6
r23da57703d,train,g_bf625efa60acb15aa095
r241efd50b0,train,g_cd85bb5635470b9d172a
r2426950fc4,train,g_16ad46dac0ca3586ee93
r2447596938,train,g_3eae169ea4f7b7ce932b
r244fc421ee,train,g_4ced8487bfa04411fa77
r247a647997,train,g_479dd5bb04884a25d51d
r2483d5b3bb,train,g_a7503cc1e57ca032000a
r248c0cf64a,train,g_3e91609f2c617f110301
r24b4d408f6,validation,g_1c7150532e5cec15272f
r24e7edb835,train,g_46e3a4936cc807ecee01
r2503580e75,train,g_7aff5be4efaa534e0adb
r25089df21e,validation,g_bb01a33c56cef4208f6b
r25260f803c,train,g_7aff5be4efaa534e0adb
r2531e40202,train,g_130e69362b63b2d4bad0
r253df02ab4,train,g_509fac818831912df97a
r2555dc696a,train,g_239cdf76f45054449c76
r2575fb7acf,validation,g_46d7b5b46358b4b2bac6
r257d623033,train,g_7c8a9fdc4be3b31fc412
r2586e6f35c,train,g_65765154a768bc702a83
r2596de06f2,train,g_acf8801c797ba8d29269
r25a3474dd2,train,g_731608e817a1b0314217
r25a6fec788,train,g_80251c5899067b069c52
r25b1c79091,train,g_4f6a74e96a3fa062ca24
r25cb5391a1,train,g_99ab239ed74c6d156339
r25d11d3672,validation,g_46d7b5b46358b4b2bac6
r25efcdcff2,train,g_46e3a4936cc807ecee01
r261417485d,train,g_3eae169ea4f7b7ce932b
r26309b9a5d,train,g_36860bee34a8f40c4da5
r265cd8dadb,train,g_6126d9be31bf068f73fc
r26cc39389c,train,g_425069c50793546fbdae
r26fd1d10d0,validation,g_46d7b5b46358b4b2bac6
r270322bbd3,train,g_5c3e622fe88dc96aec74
r2704361fd8,validation,g_0ea7b37dc7837dbfd8e1
r271ee9636d,train,g_65765154a768bc702a83
r2740c61259,train,g_6988f49896af983b510b
r274630754d,validation,g_46d7b5b46358b4b2bac6
r2767879220,train,g_7aff5be4efaa534e0adb
r2783899ab6,validation,g_bb01a33c56cef4208f6b
r27ab3329a1,train,g_9bd6d784ab84a35e8498
r27ca7fd35d,train,g_e80b90722e0ccdf8fbaf
r27f3a15bbf,train,g_fac85151194d67c9ae47
r27f895cef3,validation,g_59901442130f93aa7e45
r2809750223,train,g_43e056a59152598ec4d6
r28a0b6e8bc,validation,g_46d7b5b46358b4b2bac6
r28a9ec1727,train,g_cdce42abdd72a152ceac
r28c9be30af,train,g_7aff5be4efaa534e0adb
r28cfc68363,train,g_46e3a4936cc807ecee01
r28eafd8bed,train,g_6988f49896af983b510b
r28edce09ef,train,g_6988f49896af983b510b
r29020592ab,train,g_322af2a2d0bc5722ea93
r291a5d797a,train,g_771923b8fc7f28849622
r292857d614,train,g_1cc3404ed5249fe50fc7
r2951ec0aec,train,g_8d2a1222e59c46d017f3
r29cfcb99a4,validation,g_59901442130f93aa7e45
r29d3e728e5,validation,g_46d7b5b46358b4b2bac6
r29dc88f080,train,g_130e69362b63b2d4bad0
r2a05b8590a,train,g_731608e817a1b0314217
r2a81ade24e,validation,g_a9388a6f9ec6e0229812
r2a8ceac236,train,g_36860bee34a8f40c4da5
r2a961d4141,train,g_9f6f4c1447a7f2beb43d
r2af8e8db42,train,g_0465bebf3d40565ce87f
r2b10183fca,validation,g_46d7b5b46358b4b2bac6
r2b1635ea1a,train,g_46d4148075c2fd9d31c9
r2b44fb94b4,train,g_28ce411514bcf7a5f918
r2b72cd2387,train,g_425069c50793546fbdae
r2b8b711f10,train,g_3eae169ea4f7b7ce932b
r2ba99f10ff,validation,g_46d7b5b46358b4b2bac6
r2bb5109519,train,g_a7503cc1e57ca032000a
r2be08624b5,train,g_479dd5bb04884a25d51d
r2bf533a255,train,g_54015112a7cd699801af
r2c145923a1,train,g_6fc8577e812467cd4da6
r2c180d9df5,validation,g_42208d6c736b6bfce214
r2c324f8a1f,validation,g_46d7b5b46358b4b2bac6
r2c3b9504ef,train,g_6fc8577e812467cd4da6
r2c6b72a094,train,g_479dd5bb04884a25d51d
r2c6bedf4af,train,g_2fdf55e1de60c104f543
r2cb365ee31,train,g_54015112a7cd699801af
r2cca20b9b2,validation,g_a9388a6f9ec6e0229812
r2d1dec4e6f,train,g_3d5081024fb9ae61bb5e
r2d2ed93880,validation,g_a9388a6f9ec6e0229812
r2d5b7c3550,train,g_9f6f4c1447a7f2beb43d
r2d72176101,train,g_1f8704498bef01e0a959
r2da78e3647,train,g_a945e5d9fcc6fd076dbc
r2da8d197bc,train,g_3d5081024fb9ae61bb5e
r2dabbd90cd,train,g_479dd5bb04884a25d51d
r2dcad21e5f,train,g_46e3a4936cc807ecee01
r2dd53d2169,validation,g_a9388a6f9ec6e0229812
r2defc6293a,train,g_87569e704ea5aad74740
r2df27e3d81,train,g_d70574695a075a5d476f
r2df31f3196,train,g_6988f49896af983b510b
r2e04a390e5,train,g_6b5ff146c1cd506321ed
r2e15086d66,train,g_e03fb6111a1bf97f0447
r2e38420c8e,train,g_7c8a9fdc4be3b31fc412
r2e581e48e2,train,g_479dd5bb04884a25d51d
r2e6811bfda,train,g_1f8704498bef01e0a959
r2e68459577,train,g_fac85151194d67c9ae47
r2e7ceececd,train,g_e9577c9b5ff695b147cd
r2eb48984fc,train,g_46e3a4936cc807ecee01
r2eda503550,train,g_6988f49896af983b510b
r2ee47028e6,train,g_e80b90722e0ccdf8fbaf
r2eed940556,validation,g_a9388a6f9ec6e0229812
r2ef8bbad16,train,g_bf625efa60acb15aa095
r2f15f4caf9,validation,g_46d7b5b46358b4b2bac6
r2f3f0bbbdd,train,g_479dd5bb04884a25d51d
r2f5d9772be,train,g_425069c50793546fbdae
r2f67269cfd,train,g_05596eb8b34965ac1c12
r2f681d53b5,train,g_687e394bd21ffa9e2b96
r2fa868f304,train,g_54015112a7cd699801af
r2fbc06710c,train,g_479dd5bb04884a25d51d
r2fe05e96ed,train,g_e03fb6111a1bf97f0447
r2fe3f9ccfe,train,g_550d9f21a7e50258a353
r300c3d8243,train,g_e80b90722e0ccdf8fbaf
r300f09b665,validation,g_a9388a6f9ec6e0229812
r301f070ca3,train,g_130e69362b63b2d4bad0
r307e147c64,train,g_46e3a4936cc807ecee01
r30e760b524,train,g_46e3a4936cc807ecee01
r30f9b451be,validation,g_46d7b5b46358b4b2bac6
r30fc379b8e,train,g_fce302bc627e11f4633d
r30ff731500,train,g_6367d29f7b24fbe83de7
r310320035c,train,g_425069c50793546fbdae
r310d471e34,train,g_425069c50793546fbdae
r3118041c00,train,g_479dd5bb04884a25d51d
r31427a510e,train,g_425069c50793546fbdae
r31430c0a52,train,g_425069c50793546fbdae
r3143dea0ae,train,g_f619ca1e97d7e47619da
r3151fb5715,validation,g_46d7b5b46358b4b2bac6
r3170b7b2f7,train,g_f9aa0de4a54979a5219e
r31a250e1de,validation,g_bb01a33c56cef4208f6b
r31b1552a50,validation,g_42208d6c736b6bfce214
r31c4a5750b,train,g_3eae169ea4f7b7ce932b
r31dbadbe04,train,g_2bf0c0c85ac7f3ee7a10
r31f5aa132f,train,g_11470505f97c3b35e50b
r32092be97f,validation,g_46d7b5b46358b4b2bac6
r325c68dc77,validation,g_46d7b5b46358b4b2bac6
r32759bda46,train,g_2d5895f0a6779cad5989
r32ace16162,train,g_80251c5899067b069c52
r3304340690,train,g_80c285c2a68e7a472564
r33089c82e5,train,g_2fdf55e1de60c104f543
r3322513d3b,train,g_479dd5bb04884a25d51d
r3329123659,train,g_bf625efa60acb15aa095
r333d5b3995,train,g_23b20a5f842333303e2c
r3343b17c93,train,g_5c3e622fe88dc96aec74
r335091c72c,train,g_425069c50793546fbdae
r3356a02c53,train,g_7c8a9fdc4be3b31fc412
r3359e5177a,train,g_2a021c2e2f7cb9d43c55
r335c2e8a6f,train,g_46e3a4936cc807ecee01
r33a07d5885,train,g_3eae169ea4f7b7ce932b
r33cc58725b,train,g_4e6d25dc7fa97d552650
r33d2caac74,train,g_3eae169ea4f7b7ce932b
r33dab7d847,train,g_479dd5bb04884a25d51d
r3400f1c4e2,train,g_731608e817a1b0314217
r340336ca48,train,g_31a34aedb8bb0d5fc062
r340fe02eac,train,g_02d3691ac4715caceab7
r343cbeb492,train,g_43e056a59152598ec4d6
r3456c47038,train,g_eb609d9c385bb64b82f2
r3456fe1c4e,train,g_479dd5bb04884a25d51d
r345810a9b7,train,g_0465bebf3d40565ce87f
r3469c7a485,train,g_f619ca1e97d7e47619da
r34818eb67c,train,g_7c8a9fdc4be3b31fc412
r34af0e3183,train,g_5486a82b18271830fc8e
r34e912ada6,validation,g_bb01a33c56cef4208f6b
r34f23fb52a,train,g_46e3a4936cc807ecee01
r3504fcbd6d,train,g_479dd5bb04884a25d51d
r350e9b08d9,train,g_6126d9be31bf068f73fc
r3517eab416,train,g_b4ba800ed010f536162b
r3529446861,train,g_7aff5be4efaa534e0adb
r355717f337,train,g_46e3a4936cc807ecee01
r356032738e,train,g_731608e817a1b0314217
r357048e761,train,g_595aed2b498649a0161b
r3582e0ac77,train,g_731608e817a1b0314217
r35922ba2f7,train,g_479dd5bb04884a25d51d
r35a2178c2f,train,g_a0846cd9ef586f286ba7
r35a572bb0d,train,g_f9aa0de4a54979a5219e
r35c632a037,train,g_130e69362b63b2d4bad0
r35fad6a7dd,validation,g_46d7b5b46358b4b2bac6
r35fba9037f,validation,g_46d7b5b46358b4b2bac6
r3624db6046,train,g_7c8a9fdc4be3b31fc412
r363e904f9c,train,g_b8dde0ad8e7282aeb8df
r364a30c74b,train,g_731608e817a1b0314217
r365b2fb384,train,g_425069c50793546fbdae
r3666588235,train,g_7c8a9fdc4be3b31fc412
r368092a906,train,g_c52925da5758565fd511
r3694b2edba,train,g_3eae169ea4f7b7ce932b
r36c42b55a7,train,g_3d09a6d896f090b3bf8e
r36f5a82429,train,g_68302f2c3dcc0f1f680f
r36fec5b770,train,g_06da33e5987f3b1fafe4
r371a6bd440,train,g_1d1c3c2dac0772c79e45
r3725caefbb,validation,g_bb01a33c56cef4208f6b
r372ba8aeb4,train,g_fce302bc627e11f4633d
r3761192fda,train,g_a7230e0e26650e69f20b
r37770a1fcd,train,g_731608e817a1b0314217
r37916bbf8a,train,g_7aff5be4efaa534e0adb
r3797639b12,train,g_3a1a21cd04337b91aa81
r37a20d32ff,train,g_d3dc054a9f5cfb77f9e0
r37b0442bb3,train,g_f9aa0de4a54979a5219e
r37c7021737,validation,g_a9388a6f9ec6e0229812
r37df4eaf11,train,g_cab40dee41bae79720a5
r37f9f079e6,train,g_e03fb6111a1bf97f0447
r37fc575b9a,train,g_425069c50793546fbdae
r3814763a2f,train,g_3eae169ea4f7b7ce932b
r3827fca59d,train,g_4c544c286f8729892435
r38299bbd2e,validation,g_46d7b5b46358b4b2bac6
r385393a636,train,g_dbe198826655b9b72ce7
r386ca372a7,train,g_6988f49896af983b510b
r387bb39cd7,train,g_d12b323fbaf871860dd1
r38f9fbfe72,validation,g_a9388a6f9ec6e0229812
r392236400f,train,g_425069c50793546fbdae
r392c8e4595,train,g_d150a7f10500a05001ba
r3941762c51,train,g_3eae169ea4f7b7ce932b
r3961d40a42,train,g_425069c50793546fbdae
r39928532f0,train,g_dbe198826655b9b72ce7
r39b8b303fb,train,g_6988f49896af983b510b
r39f84c7f65,validation,g_1c7150532e5cec15272f
r3a2821595d,train,g_bf625efa60acb15aa095
r3a29799fa5,train,g_eb609d9c385bb64b82f2
r3a4714e705,validation,g_46d7b5b46358b4b2bac6
r3a4dce593a,validation,g_46d7b5b46358b4b2bac6
r3a6a92e610,train,g_bf625efa60acb15aa095
r3a78662655,train,g_20184c14d46ecfeb6df7
r3ac88fe21d,train,g_6988f49896af983b510b
r3b0b3b720c,train,g_d70574695a075a5d476f
r3b373c53c4,validation,g_a9388a6f9ec6e0229812
r3b45933379,validation,g_1c7150532e5cec15272f
r3b552bfa53,validation,g_42208d6c736b6bfce214
r3b76bf1ef8,validation,g_a9388a6f9ec6e0229812
r3b871ab82f,train,g_a7230e0e26650e69f20b
r3b8ff07657,train,g_d70574695a075a5d476f
r3bd79cac56,train,g_130e69362b63b2d4bad0
r3bde077c61,validation,g_bb01a33c56cef4208f6b
r3be50b4094,train,g_479dd5bb04884a25d51d
r3bfe3ffac3,train,g_425069c50793546fbdae
r3c19eba8db,train,g_329c0fb1001b8bde7c8f
r3c473a8081,train,g_6841e1a133fc22661d76
r3c56721172,train,g_322af2a2d0bc5722ea93
r3c5bd48a80,validation,g_46d7b5b46358b4b2bac6
r3c743a24cc,train,g_5486a82b18271830fc8e
r3c9ab4a465,train,g_5a6cbe2d23a24c896e26
r3cd459afeb,train,g_7ad25016a11ab25bc1fc
r3ce91b1428,train,g_9bd6d784ab84a35e8498
r3cf607ffab,train,g_f9aa0de4a54979a5219e
r3d1019c771,train,g_acf8801c797ba8d29269
r3d263a4c77,train,g_0fb0b6f2e5098b659573
r3d2c1ba4e0,train,g_c76816aca634391077ad
r3d3fff6bc5,train,g_0d613e46b76ba6603938
r3d59e4bab3,train,g_9892aede96be9ad58084
r3d5e970d50,train,g_fce302bc627e11f4633d
r3d75f1c88e,train,g_31a34aedb8bb0d5fc062
r3db5af1819,train,g_17a0de4f361c13678ce0
r3dfcb523bc,validation,g_7b4ed96fb42d0cf19792
r3e12cb1bdb,train,g_701b124474476d237944
r3e44b6681a,validation,g_46d7b5b46358b4b2bac6
r3e64df6792,train,g_f9aa0de4a54979a5219e
r3e9d4c55eb,train,g_5c3e622fe88dc96aec74
r3ebb8f0e2d,train,g_479dd5bb04884a25d51d
r3eeae5c1d3,validation,g_46d7b5b46358b4b2bac6
r3f1bd56404,validation,g_46d7b5b46358b4b2bac6
r3f40610a57,validation,g_8910ecb6b7c336bf79a7
r3f5fc710e4,validation,g_b0ebc207bb51b53280d2
r3f63473806,train,g_e03fb6111a1bf97f0447
r3f7391c131,train,g_36860bee34a8f40c4da5
r3f77003e6e,train,g_1d1c3c2dac0772c79e45
r3f8cbc05dd,train,g_2d4686b1aee5ef50c8f8
r3f8e5c84dd,train,g_6b5ff146c1cd506321ed
r3fcc8a9d6c,train,g_0ee82bc31ae065b87628
r3fd7790816,train,g_6988f49896af983b510b
r3fd9c6427c,train,g_425069c50793546fbdae
r3fdaa101b5,train,g_1f8704498bef01e0a959
r40056874da,train,g_7c8a9fdc4be3b31fc412
r40275a1c62,train,g_6988f49896af983b510b
r405490331b,validation,g_bb01a33c56cef4208f6b
r408ed9b130,train,g_731608e817a1b0314217
r40c89e5ec4,train,g_11470505f97c3b35e50b
r40cf733714,train,g_425069c50793546fbdae
r40df3a1dab,train,g_fce302bc627e11f4633d
r410b11c1f2,train,g_f9aa0de4a54979a5219e
r4137a1cddf,train,g_1f8704498bef01e0a959
r415fa95f13,train,g_3eae169ea4f7b7ce932b
r416eea54e3,validation,g_46d7b5b46358b4b2bac6
r4184b3e457,train,g_d70574695a075a5d476f
r419e249b66,train,g_ad79a481455135b7a127
r41b2bd34c0,train,g_6855e10056b674fb0971
r41c66186a9,train,g_46e3a4936cc807ecee01
r41f3323a4f,train,g_4e2bfbf24bcd201ae334
r41f7fa7b87,train,g_533ab23b46779a4ec762
r41fd2c53ac,train,g_7aff5be4efaa534e0adb
r4214762e97,validation,g_1c7150532e5cec15272f
r421ed0cd51,train,g_e03fb6111a1bf97f0447
r424317ce64,train,g_16ad46dac0ca3586ee93
r425f8567e6,validation,g_d53bcca7964e4d9563af
r4260d9da24,train,g_14983568e45bca922e78
r428f1b4c59,train,g_9a9760fc200dada6b10d
r4293387552,train,g_eb609d9c385bb64b82f2
r42b9da9ee9,train,g_fce302bc627e11f4633d
r42cb3d3921,train,g_fce302bc627e11f4633d
r42ce3c1934,train,g_1d4566ae7ca2372bc2ca
r433955c62b,train,g_2134ad4314270d2e1fdb
r433e6f6376,train,g_479dd5bb04884a25d51d
r436af4e718,train,g_b4ba800ed010f536162b
r439d3fe8a2,train,g_9bd6d784ab84a35e8498
r43af46915a,train,g_028322e98b4af6d10413
r43d57c8dbb,train,g_0fb0b6f2e5098b659573
r43d7333f44,validation,g_46d7b5b46358b4b2bac6
r43db7e26b3,train,g_8c0163c902e99b3bedf3
r43f5df14c1,train,g_24bd0106f8b6564ac7a2
r4417dd4041,train,g_99ab239ed74c6d156339
r4420300235,validation,g_1c7150532e5cec15272f
r442d09131f,train,g_6988f49896af983b510b
r4431035056,train,g_e03fb6111a1bf97f0447
r44390a93f7,train,g_31a34aedb8bb0d5fc062
r4441d0025a,train,g_130e69362b63b2d4bad0
r444adca486,train,g_7c8a9fdc4be3b31fc412
r4460d7f5ae,train,g_7aff5be4efaa534e0adb
r446cbd4822,train,g_e80b90722e0ccdf8fbaf
r4476732a7b,train,g_46e3a4936cc807ecee01
r44ba550bb2,train,g_c76816aca634391077ad
r44e1fcd13f,train,g_1f8704498bef01e0a959
r4513f8f954,train,g_026418487f3a0330f6d6
r451dd2c92c,train,g_943f91a638329871fa4d
r456a9fbe19,train,g_5c3e622fe88dc96aec74
r4583cb86de,train,g_d70574695a075a5d476f
r45d08c6192,train,g_d70574695a075a5d476f
r45db877d17,train,g_479dd5bb04884a25d51d
r45fa779b64,train,g_e03fb6111a1bf97f0447
r460a4d9684,train,g_a0846cd9ef586f286ba7
r4647d5a526,train,g_5486a82b18271830fc8e
r46508ecb60,train,g_6126d9be31bf068f73fc
r46578ec2a7,train,g_7f5bf6ed05de92971394
r4660287319,validation,g_07eceb497d2df35b488f
r46827bd2de,train,g_019f0d69e32ee2873bf6
r469dd16959,train,g_bf625efa60acb15aa095
r46bd553f51,train,g_54015112a7cd699801af
r46e4674c74,train,g_3cc670293c999b0db044
r46ff17a7bb,train,g_6988f49896af983b510b
r47003b4a3e,train,g_6fb27dafd478c4523f13
r4741d9518d,train,g_16ad46dac0ca3586ee93
r4792032067,train,g_e80b90722e0ccdf8fbaf
r479acef83b,train,g_2d4686b1aee5ef50c8f8
r47a258dd09,train,g_7aff5be4efaa534e0adb
r47a27cb4ee,train,g_7c8a9fdc4be3b31fc412
r47a4d4b3bb,train,g_31a34aedb8bb0d5fc062
r48196f36d8,validation,g_46d7b5b46358b4b2bac6
r4834167cc5,train,g_55b951b745bc9a5f03c4
r4875b453a4,train,g_54015112a7cd699801af
r48bd0a6e4f,train,g_d7b0dbd9b66d284f447f
r4906d73725,train,g_7c8a9fdc4be3b31fc412
r49159b9f94,train,g_7c8a9fdc4be3b31fc412
r4928254854,validation,g_46d7b5b46358b4b2bac6
r49393ff0ae,train,g_7c8a9fdc4be3b31fc412
r4952c2e66f,train,g_46e3a4936cc807ecee01
r497919189f,train,g_57cadb9cd2fa4d2f38ef
r498ac9d9d4,validation,g_46d7b5b46358b4b2bac6
r4990700660,train,g_f9aa0de4a54979a5219e
r499aea1789,train,g_4c544c286f8729892435
r49a3816282,validation,g_46d7b5b46358b4b2bac6
r49b950fb6c,validation,g_a9388a6f9ec6e0229812
r49bebe24d3,train,g_731608e817a1b0314217
r49ffa1eaec,validation,g_46d7b5b46358b4b2bac6
r4a9e58aae0,train,g_46e3a4936cc807ecee01
r4aa9e19c22,validation,g_46d7b5b46358b4b2bac6
r4ae3cb0772,validation,g_1c7150532e5cec15272f
r4b095a173e,validation,g_1c7150532e5cec15272f
r4b57125f62,train,g_a4e39f946fe8efdd19f4
r4b7c6cd733,train,g_479dd5bb04884a25d51d
r4b7e914b03,train,g_533ab23b46779a4ec762
r4b7f71eb5a,validation,g_46d7b5b46358b4b2bac6
r4b819f5f5c,train,g_bf625efa60acb15aa095
r4b82ddb990,train,g_425069c50793546fbdae
r4b93ee7436,train,g_130e69362b63b2d4bad0
r4b9fad58dc,train,g_f17aa705235de3e578f6
r4ba6b1bc49,validation,g_4797d19f71e7e18d759b
r4bb79fc0d9,train,g_3825318f99a8a52ce663
r4bb8ab27da,train,g_322af2a2d0bc5722ea93
r4bcab3a05f,validation,g_46d7b5b46358b4b2bac6
r4bd73bcea4,train,g_4c544c286f8729892435
r4be164dfa4,train,g_46e3a4936cc807ecee01
r4be5a71a49,train,g_1d1c3c2dac0772c79e45
r4bfaffe51a,train,g_5486a82b18271830fc8e
r4c0e2723d5,train,g_425069c50793546fbdae
r4c7536e4a2,train,g_7aff5be4efaa534e0adb
r4c7f0a29fb,train,g_6988f49896af983b510b
r4c85a70b6c,train,g_731608e817a1b0314217
r4cb7f1590d,train,g_14983568e45bca922e78
r4ce701d090,train,g_3a1a21cd04337b91aa81
r4cf337074e,train,g_6988f49896af983b510b
r4d2af19278,train,g_3eae169ea4f7b7ce932b
r4d46c9772f,train,g_d7b0dbd9b66d284f447f
r4d5e42c172,validation,g_1c7150532e5cec15272f
r4d76166e68,train,g_46e3a4936cc807ecee01
r4da9b2f5cf,train,g_322af2a2d0bc5722ea93
r4db96c3ea0,train,g_14a61e55cd8099b69a67
r4dbb546510,train,g_e9577c9b5ff695b147cd
r4df52c1fd6,validation,g_1c7150532e5cec15272f
r4e200ed18c,train,g_11470505f97c3b35e50b
r4e62c49769,train,g_28ce411514bcf7a5f918
r4e752ed0de,train,g_cbd86fc4c44702988cdc
r4eb7e5356d,train,g_dbe198826655b9b72ce7
r4ec63f1768,train,g_5c3e622fe88dc96aec74
r4ecee71064,train,g_ad79a481455135b7a127
r4eceee267f,train,g_28ce411514bcf7a5f918
r4f61fba7d9,train,g_9f6f4c1447a7f2beb43d
r4f675e7454,train,g_7aff5be4efaa534e0adb
r4f83fe173b,train,g_a0846cd9ef586f286ba7
r500918f04a,train,g_0d613e46b76ba6603938
r5017d63024,train,g_8c0163c902e99b3bedf3
r502cc82216,train,g_7c8a9fdc4be3b31fc412
r503ae1e315,train,g_550d9f21a7e50258a353
r5065701658,train,g_d150a7f10500a05001ba
r509421bdfe,train,g_54015112a7cd699801af
r50c571a992,train,g_06da33e5987f3b1fafe4
r50ea22744a,train,g_a3a8f811a58f9c413a5c
r5119988d97,train,g_2bf0c0c85ac7f3ee7a10
r512733a4c9,validation,g_bb01a33c56cef4208f6b
r512e7c4aca,train,g_aca455b4e29a5ea70884
r5168dc3f48,train,g_479dd5bb04884a25d51d
r51a3038311,train,g_1d1c3c2dac0772c79e45
r51ae1ffb7a,train,g_80c285c2a68e7a472564
r51c32b7cf0,train,g_7c8a9fdc4be3b31fc412
r51fb17dcbc,train,g_a7503cc1e57ca032000a
r5205362dfc,validation,g_1c7150532e5cec15272f
r5239708e01,validation,g_46d7b5b46358b4b2bac6
r5289d83621,train,g_0dfea6e95bcbbf9c3e27
r52a7073c75,validation,g_46d7b5b46358b4b2bac6
r52ae72e7b6,train,g_239cdf76f45054449c76
r52d1f2376a,train,g_425069c50793546fbdae
r5312fc4a02,validation,g_a9388a6f9ec6e0229812
r5341eba94a,train,g_e03fb6111a1bf97f0447
r5361a1ffd5,train,g_1f18d6a42f2bea54fcd6
r5371ad4325,train,g_55b951b745bc9a5f03c4
r53b8e1b21c,validation,g_1c7150532e5cec15272f
r53bece8c04,train,g_731608e817a1b0314217
r53fef5e2d7,train,g_9f6f4c1447a7f2beb43d
r5406da2dac,train,g_a4e39f946fe8efdd19f4
r5481f098a5,validation,g_beb256d74c4a98913610
r54a127f13e,train,g_2d4686b1aee5ef50c8f8
r54b31ece5d,train,g_2ee8923e359d4bf2348b
r54ca7e21ae,train,g_7aff5be4efaa534e0adb
r54fa750e03,train,g_7c8a9fdc4be3b31fc412
r5508520d4c,train,g_28ce411514bcf7a5f918
r553076d1b7,train,g_3eae169ea4f7b7ce932b
r554a0fadf9,train,g_028322e98b4af6d10413
r5551dfb43a,train,g_20184c14d46ecfeb6df7
r557c7d7da5,train,g_479dd5bb04884a25d51d
r558264faf2,validation,g_46d7b5b46358b4b2bac6
r55a24e9f74,train,g_3d5081024fb9ae61bb5e
r55ad68482e,train,g_54015112a7cd699801af
r55b270d502,train,g_36860bee34a8f40c4da5
r55ec661448,validation,g_46d7b5b46358b4b2bac6
r55f833b573,train,g_d6ab57cfc5bc9af49f4c
r5603a1e177,train,g_6988f49896af983b510b
r5603a8333a,validation,g_4797d19f71e7e18d759b
r562717974a,train,g_533ab23b46779a4ec762
r5637bb5e16,train,g_bf625efa60acb15aa095
r566f3f51a0,train,g_028322e98b4af6d10413
r569b18fe5c,validation,g_a9388a6f9ec6e0229812
r56d6dbce58,train,g_fac85151194d67c9ae47
r56e04604a6,train,g_4c544c286f8729892435
r56f9ff471f,train,g_c52925da5758565fd511
r5716fb869f,train,g_2bf0c0c85ac7f3ee7a10
r5719ff9273,train,g_425069c50793546fbdae
r5721c183e5,train,g_9e71784509e22147e393
r5767a1e164,validation,g_46d7b5b46358b4b2bac6
r5772d0b453,validation,g_46d7b5b46358b4b2bac6
r5784fcb0df,train,g_46e3a4936cc807ecee01
r5794ac2990,train,g_c52925da5758565fd511
r57996fe092,train,g_16ad46dac0ca3586ee93
r57a899994e,train,g_425069c50793546fbdae
r57ac5fe746,validation,g_46d7b5b46358b4b2bac6
r57be9c603d,train,g_9afffc74993a3b8add83
r57dd50e5f1,validation,g_46d7b5b46358b4b2bac6
r57e88f4fae,train,g_3eae169ea4f7b7ce932b
r57fb17368a,validation,g_46d7b5b46358b4b2bac6
r581aa8bcba,train,g_5c3e622fe88dc96aec74
r582f536d62,train,g_8d2a1222e59c46d017f3
r58348b12f2,validation,g_46d7b5b46358b4b2bac6
r5837dfae0d,train,g_3eae169ea4f7b7ce932b
r58489ac22a,train,g_47bfe8d656c2f19e923a
r5849a0aa17,train,g_9e281d41d28ef0066b51
r584a3473b5,train,g_f63ae1b4f69937554736
r584a5630f9,validation,g_bb01a33c56cef4208f6b
r5865170465,train,g_d70574695a075a5d476f
r5876f11829,validation,g_46d7b5b46358b4b2bac6
r587c3d440e,train,g_54015112a7cd699801af
r58a031d190,validation,g_1c7150532e5cec15272f
r58c9b3a20d,validation,g_46d7b5b46358b4b2bac6
r58e034de89,train,g_99ab239ed74c6d156339
r58f468f96a,train,g_46e3a4936cc807ecee01
r5950c6c971,validation,g_7b4ed96fb42d0cf19792
r5955f3d4f7,train,g_7aff5be4efaa534e0adb
r5973e0fabd,train,g_46e3a4936cc807ecee01
r59781e9c0c,train,g_3eae169ea4f7b7ce932b
r59797e58ae,train,g_479dd5bb04884a25d51d
r59838cc967,train,g_80b1bc07824ae1c3c225
r599afa0fb9,train,g_731608e817a1b0314217
r59a621e5bb,train,g_f17aa705235de3e578f6
r59ab980866,train,g_bf625efa60acb15aa095
r59b07adf42,train,g_e31b40de8e4329327947
r59cc8f399e,train,g_019f0d69e32ee2873bf6
r59d73edb91,train,g_d70574695a075a5d476f
r59e9ec4045,train,g_479dd5bb04884a25d51d
r59eb136f85,train,g_3d5081024fb9ae61bb5e
r5a115087bf,train,g_6b5ff146c1cd506321ed
r5a19097573,train,g_7c8a9fdc4be3b31fc412
r5a5471d6cc,train,g_7aff5be4efaa534e0adb
r5a74a252ba,train,g_425069c50793546fbdae
r5a82969d7e,train,g_6988f49896af983b510b
r5aa8a729db,train,g_e66986b308e3af756b81
r5ab8f65c80,train,g_5444921e7ba299f7ff62
r5ac158c565,train,g_eb609d9c385bb64b82f2
r5ace16d2f7,train,g_479dd5bb04884a25d51d
r5af7cfc39c,train,g_7aff5be4efaa534e0adb
r5b41c7302c,train,g_9f6f4c1447a7f2beb43d
r5b5cd10fe6,train,g_54015112a7cd699801af
r5b74bf273a,train,g_e65694e7b61709202a38
r5bae8a02bf,train,g_d150a7f10500a05001ba
r5bd2eb6e0a,train,g_5c3e622fe88dc96aec74
r5c07357462,train,g_479dd5bb04884a25d51d
r5c08d8148c,train,g_16ad46dac0ca3586ee93
r5c1a06b2d7,train,g_5c3e622fe88dc96aec74
r5c3ae029cd,train,g_0465bebf3d40565ce87f
r5c4acbe0e3,train,g_46e3a4936cc807ecee01
r5c4e0a425e,train,g_d150a7f10500a05001ba
r5c5413868f,train,g_204a1f6f373a72b0a55e
r5c5cae83bf,train,g_7aff5be4efaa534e0adb
r5c5e23b925,train,g_595aed2b498649a0161b
r5c9e828b0d,train,g_5df8d909e41066317181
r5cb158a342,train,g_2fdf55e1de60c104f543
r5cb3c4dda9,train,g_a7503cc1e57ca032000a
r5cbd6265d6,train,g_130e69362b63b2d4bad0
r5ce332399c,train,g_0dfea6e95bcbbf9c3e27
r5cedd122a8,train,g_6988f49896af983b510b
r5d1af17523,validation,g_a9388a6f9ec6e0229812
r5d2732ec1a,train,g_e9577c9b5ff695b147cd
r5d3a99b035,train,g_4e2bfbf24bcd201ae334
r5d5d8bb3e5,train,g_3eae169ea4f7b7ce932b
r5d9fdedde5,validation,g_46d7b5b46358b4b2bac6
r5dac950268,validation,g_a9388a6f9ec6e0229812
r5dd245f638,train,g_b4ba800ed010f536162b
r5dee81fa1e,validation,g_a9388a6f9ec6e0229812
r5e258d8b07,train,g_7c8a9fdc4be3b31fc412
r5e26c3dfa5,validation,g_a9388a6f9ec6e0229812
r5e78702d67,train,g_28ce411514bcf7a5f918
r5e8742fba6,train,g_7c8a9fdc4be3b31fc412
r5e99d2f7d2,train,g_c76816aca634391077ad
r5ec363e470,train,g_286343c644ac92bca30f
r5f03ba01a1,train,g_479dd5bb04884a25d51d
r5f1ef239cc,train,g_bf625efa60acb15aa095
r5f240e98e4,train,g_479dd5bb04884a25d51d
r5f314a19e0,train,g_28ce411514bcf7a5f918
r5f3b533f6a,validation,g_59901442130f93aa7e45
r5f48192a2d,train,g_479dd5bb04884a25d51d
r5f6af90eaf,validation,g_a9388a6f9ec6e0229812
r5f7764832d,train,g_a8efb2c62a8301c41f53
r5f89445836,train,g_7aff5be4efaa534e0adb
r5f8a36b1dd,train,g_fac85151194d67c9ae47
r5f995886f5,train,g_d150a7f10500a05001ba
r5f9bbe66ae,validation,g_1c7150532e5cec15272f
r5fa832966e,validation,g_ffb13d0b2a70eb0aebe8
r5fae56db23,train,g_425069c50793546fbdae
r5fbc2739fe,train,g_fac85151194d67c9ae47
r5fc23b5dd4,train,g_425069c50793546fbdae
r5fcfb5a8be,train,g_425069c50793546fbdae
r5fd5d8fa67,train,g_3eae169ea4f7b7ce932b
r5fdd018cac,train,g_6988f49896af983b510b
r5fde1fc82f,train,g_a467403a8920c86b21df
r60093446d4,train,g_bf625efa60acb15aa095
r60311999e5,train,g_dfc6cbe8cd727cfbd89c
r6043e2ceeb,train,g_6fb27dafd478c4523f13
r605555d220,validation,g_46d7b5b46358b4b2bac6
r605a47e85b,validation,g_46d7b5b46358b4b2bac6
r607d109b9b,train,g_96a38ccc400798fe7f86
r60c7dc85fc,train,g_5c3e622fe88dc96aec74
r610027f469,validation,g_46d7b5b46358b4b2bac6
r615b27d631,validation,g_a9388a6f9ec6e0229812
r6178117989,validation,g_4797d19f71e7e18d759b
r61956ed558,train,g_7c8a9fdc4be3b31fc412
r61f0496137,train,g_517ab9504976425078d1
r61fe4e8b19,train,g_1d1c3c2dac0772c79e45
r620f14c874,train,g_0d613e46b76ba6603938
r6239d8241b,train,g_bf625efa60acb15aa095
r62427a3904,validation,g_a9388a6f9ec6e0229812
r62589c1a86,train,g_e03fb6111a1bf97f0447
r6282584210,train,g_80251c5899067b069c52
r628343ef3d,train,g_3825318f99a8a52ce663
r6297130ca2,validation,g_a9388a6f9ec6e0229812
r62b8f2b101,train,g_e03fb6111a1bf97f0447
r62eb6990be,train,g_425069c50793546fbdae
r631b0fb4e0,train,g_f9aa0de4a54979a5219e
r63268974fa,validation,g_46d7b5b46358b4b2bac6
r63470e1347,train,g_1cadc0da92d680843985
r634f26c2d1,train,g_a0846cd9ef586f286ba7
r63603cee8b,train,g_239cdf76f45054449c76
r63753be522,train,g_bf625efa60acb15aa095
r6394c71db6,train,g_f9aa0de4a54979a5219e
r63ac29391f,train,g_d12b323fbaf871860dd1
r63be7b00b3,train,g_8176c7d64b54ee186fc9
r63c98473a9,validation,g_0ab10c36d8c47c244920
r63d98e1e52,validation,g_a9388a6f9ec6e0229812
r63ec2ad788,train,g_16ad46dac0ca3586ee93
r63fae36bde,train,g_322af2a2d0bc5722ea93
r640ff44c1f,validation,g_a9388a6f9ec6e0229812
r642d01d85e,train,g_731608e817a1b0314217
r6497e9c792,train,g_46e3a4936cc807ecee01
r64f90b104f,validation,g_1c7150532e5cec15272f
r6545adb193,train,g_3c309347be9ccd2558a2
r654e87447b,train,g_bf625efa60acb15aa095
r656028a148,train,g_1f8704498bef01e0a959
r658a87ad14,train,g_634fdd14956d456c7f42
r65b37d510e,train,g_026418487f3a0330f6d6
r65c61240de,train,g_80f54a1ac2cec10a6d4d
r65d111eb1e,train,g_36860bee34a8f40c4da5
r66063b44ba,train,g_7c8a9fdc4be3b31fc412
r660b0bd83d,train,g_80b1bc07824ae1c3c225
r6624a839d9,train,g_5c3e622fe88dc96aec74
r662d1071f2,train,g_2d4686b1aee5ef50c8f8
r6643961cc3,validation,g_a9388a6f9ec6e0229812
r6654aa1f77,train,g_4cc831f62aa6a89ad535
r66619203cd,train,g_595aed2b498649a0161b
r66734de3db,train,g_54015112a7cd699801af
r66a19b954f,validation,g_a9388a6f9ec6e0229812
r66a6d7e43e,train,g_bf625efa60acb15aa095
r66ce2ed3ff,train,g_5df8d909e41066317181
r66ea605d4f,train,g_a7605f3a97096e7caefd
r66ee76185f,train,g_9afffc74993a3b8add83
r67307159b2,train,g_d7b0dbd9b66d284f447f
r673c1164c7,train,g_479dd5bb04884a25d51d
r675cde5c1e,train,g_20184c14d46ecfeb6df7
r6771086963,train,g_655707ccb79949a60800
r6797a4209c,validation,g_59901442130f93aa7e45
r67b856b48e,validation,g_46d7b5b46358b4b2bac6
r67c865664f,train,g_3eae169ea4f7b7ce932b
r67cdfa8b72,train,g_dfc6cbe8cd727cfbd89c
r67f5b0c9ee,train,g_f9aa0de4a54979a5219e
r67fd382d9e,train,g_c76816aca634391077ad
r687bdae8d0,train,g_731608e817a1b0314217
r687ca24304,train,g_3d5081024fb9ae61bb5e
r68ac8020c2,train,g_731608e817a1b0314217
r68d6bbc681,train,g_3eae169ea4f7b7ce932b
r68f6177ba6,validation,g_1c7150532e5cec15272f
r691d316ebc,train,g_2d4686b1aee5ef50c8f8
r6971b99adf,train,g_8d2a1222e59c46d017f3
r6981a03019,train,g_1c1686a062ed38b65139
r69939a2389,train,g_0465bebf3d40565ce87f
r6993ed2365,train,g_9a9760fc200dada6b10d
r699b17cedb,validation,g_a9388a6f9ec6e0229812
r69bb137e7b,validation,g_1c7150532e5cec15272f
r69d9a14e75,validation,g_1c7150532e5cec15272f
r69e987a6d5,train,g_6988f49896af983b510b
r6a0517b3dd,train,g_425069c50793546fbdae
r6a0e0310c3,train,g_5c3e622fe88dc96aec74
r6a2c274108,train,g_28ce411514bcf7a5f918
r6a30697c4e,validation,g_1c7150532e5cec15272f
r6a43a137fc,validation,g_46d7b5b46358b4b2bac6
r6a485e0397,train,g_1c1686a062ed38b65139
r6a59dcf1c2,train,g_54015112a7cd699801af
r6a706eaf01,validation,g_bb01a33c56cef4208f6b
r6a7c51f483,validation,g_a9388a6f9ec6e0229812
r6aa4faa361,train,g_479dd5bb04884a25d51d
r6ab6517910,train,g_28ce411514bcf7a5f918
r6ac21f6018,train,g_d70574695a075a5d476f
r6acc45fb77,train,g_36860bee34a8f40c4da5
r6ad51a9954,train,g_16ad46dac0ca3586ee93
r6ae140d837,validation,g_46d7b5b46358b4b2bac6
r6b3b9afe28,train,g_130e69362b63b2d4bad0
r6b80c5e51f,train,g_d70574695a075a5d476f
r6c16a4aa65,train,g_f619ca1e97d7e47619da
r6c176596bc,train,g_6988f49896af983b510b
r6c46d63e60,train,g_5486a82b18271830fc8e
r6c66c98252,train,g_028322e98b4af6d10413
r6c7befeaf2,train,g_7c8a9fdc4be3b31fc412
r6c7ffd60b1,train,g_e03fb6111a1bf97f0447
r6c87d387c4,train,g_b7ca3cc45712b35c8a2c
r6cadc5cd53,train,g_87569e704ea5aad74740
r6cafa6b71f,validation,g_a9388a6f9ec6e0229812
r6cf607d001,train,g_6126d9be31bf068f73fc
r6d0d86b1dc,train,g_e03fb6111a1bf97f0447
r6d469402e9,train,g_80b1bc07824ae1c3c225
r6d76549e03,train,g_731608e817a1b0314217
r6d8b6666ed,validation,g_1c7150532e5cec15272f
r6d991560d3,train,g_479dd5bb04884a25d51d
r6dcb4e370e,train,g_8a1b2f25f054f77d505c
r6dcd5f5aac,train,g_eb609d9c385bb64b82f2
r6ddd76b9d5,train,g_16ad46dac0ca3586ee93
r6dedf71f3e,train,g_bf625efa60acb15aa095
r6e07969bcb,train,g_537539508c3e4194018e
r6e12d93fdb,train,g_425069c50793546fbdae
r6e5cac23dd,train,g_1d935fdb13554fd278f5
r6e6ccc3fe6,train,g_46e3a4936cc807ecee01
r6e74247ce9,train,g_e03fb6111a1bf97f0447
r6e8fe6ce54,validation,g_0ab10c36d8c47c244920
r6e98dda6c0,train,g_6126d9be31bf068f73fc
r6eac0c9935,train,g_3825318f99a8a52ce663
r6eacf453ea,train,g_7c8a9fdc4be3b31fc412
r6ebda9a8c3,train,g_731608e817a1b0314217
r6f246b905d,train,g_6988f49896af983b510b
r6f548d09ec,train,g_e03fb6111a1bf97f0447
r6f872c7300,train,g_9e71784509e22147e393
r6f96819d13,validation,g_1c7150532e5cec15272f
r6fd0f6dd0a,validation,g_beb256d74c4a98913610
r6fd4b3dd93,validation,g_46d7b5b46358b4b2bac6
r6fda87e1ee,train,g_87569e704ea5aad74740
r7033c75a94,validation,g_46d7b5b46358b4b2bac6
r704c7f32e8,train,g_cbd86fc4c44702988cdc
r706700b10d,train,g_7aff5be4efaa534e0adb
r708a7bf9e6,train,g_6126d9be31bf068f73fc
r708df43c12,train,g_3a1a21cd04337b91aa81
r71607dfb93,train,g_36860bee34a8f40c4da5
r7195ba5726,validation,g_a9388a6f9ec6e0229812
r71b2a0854c,train,g_425069c50793546fbdae
r71d19cf9ef,train,g_8f6bf2f49507ba3e80cb
r71e4e87b19,train,g_68302f2c3dcc0f1f680f
r71e65b01d5,train,g_026418487f3a0330f6d6
r71f8243cb4,train,g_6988f49896af983b510b
r724681182f,train,g_c52925da5758565fd511
r72503250dd,train,g_14983568e45bca922e78
r72553b6312,train,g_3eae169ea4f7b7ce932b
r725a3e5393,train,g_0ee82bc31ae065b87628
r72799e7e42,train,g_479dd5bb04884a25d51d
r72bbcd4e97,train,g_36860bee34a8f40c4da5
r72c2d8ff51,validation,g_a9388a6f9ec6e0229812
r72c5260046,train,g_7c8a9fdc4be3b31fc412
r72d6b7975d,train,g_fce302bc627e11f4633d
r730369aa79,validation,g_46d7b5b46358b4b2bac6
r730570298f,train,g_e9c08f9045caa7c6a2ff
r73090f88d1,validation,g_bb01a33c56cef4208f6b
r731734a5ed,train,g_28ce411514bcf7a5f918
r73431b05d2,train,g_4c544c286f8729892435
r73666f364e,train,g_4e6d25dc7fa97d552650
r7373550259,validation,g_46d7b5b46358b4b2bac6
r737eb70075,train,g_acf8801c797ba8d29269
r73824b0c6a,train,g_2134ad4314270d2e1fdb
r7391af7b26,train,g_d9882d0074e79fbfff1f
r7398b3fef4,train,g_130e69362b63b2d4bad0
r73e373f3c2,validation,g_1c7150532e5cec15272f
r73f8e07d01,train,g_9837e68e2d39391525f9
r73fb5e2f9a,train,g_8e9e483aee7bfe1ba413
r74517b2328,train,g_5c3e622fe88dc96aec74
r745de111a1,train,g_dbe198826655b9b72ce7
r7460de0daf,validation,g_4797d19f71e7e18d759b
r746892b74f,validation,g_0ca2440d7b740c625213
r74740d277a,train,g_595aed2b498649a0161b
r74c00aac80,train,g_7aff5be4efaa534e0adb
r7524b56040,train,g_80b1bc07824ae1c3c225
r7526af2810,train,g_08e4a4d8da674e7c002c
r7544e80940,train,g_f619ca1e97d7e47619da
r754c3be09f,validation,g_a9388a6f9ec6e0229812
r7554c1f0d1,train,g_1c1686a062ed38b65139
r755548014e,train,g_479dd5bb04884a25d51d
r756c581ddb,validation,g_46d7b5b46358b4b2bac6
r757337daed,train,g_425069c50793546fbdae
r7587d2fa36,train,g_bf625efa60acb15aa095
r75a378f09a,train,g_6988f49896af983b510b
r75a687b578,train,g_36860bee34a8f40c4da5
r75af170852,train,g_fce302bc627e11f4633d
r75b7a04195,train,g_bf625efa60acb15aa095
r75e959b75e,train,g_fce302bc627e11f4633d
r7629e318c4,train,g_80f54a1ac2cec10a6d4d
r767d4aae5d,train,g_69a034ea92bad62fd5e1
r768cc5ed4e,train,g_731608e817a1b0314217
r76d4b740e0,train,g_dbe198826655b9b72ce7
r76d68df3b1,train,g_fac85151194d67c9ae47
r76da7ff668,train,g_e03fb6111a1bf97f0447
r76ea226558,validation,g_59901442130f93aa7e45
r76fcdd5fe5,validation,g_8910ecb6b7c336bf79a7
r773c2db3c1,train,g_3eae169ea4f7b7ce932b
r774aa2e2d1,validation,g_46d7b5b46358b4b2bac6
r7777f9583b,validation,g_46d7b5b46358b4b2bac6
r778b19ed8e,train,g_d150a7f10500a05001ba
r77d5516b29,train,g_3eae169ea4f7b7ce932b
r7804c429bd,train,g_1d935fdb13554fd278f5
r782446279e,train,g_e80b90722e0ccdf8fbaf
r78278b5928,train,g_1d1c3c2dac0772c79e45
r782df1b6bd,validation,g_1c7150532e5cec15272f
r78644c804d,train,g_a0846cd9ef586f286ba7
r78888f0d80,train,g_6988f49896af983b510b
r78e9832e50,train,g_0fb0b6f2e5098b659573
r78f1bfc5ea,train,g_23b20a5f842333303e2c
r7934dd630a,train,g_80b1bc07824ae1c3c225
r7937377a29,train,g_3d5081024fb9ae61bb5e
r7942f56112,train,g_bf625efa60acb15aa095
r7987d85ff6,train,g_3d5081024fb9ae61bb5e
r7987df1a26,train,g_db75806f0e892386953a
r799893214e,train,g_5c3e622fe88dc96aec74
r79998b4331,validation,g_a9388a6f9ec6e0229812
r79a1abd745,validation,g_bb01a33c56cef4208f6b
r79df6125c1,train,g_0465bebf3d40565ce87f
r7a248890f0,validation,g_46d7b5b46358b4b2bac6
r7a3e96ffe7,train,g_46e3a4936cc807ecee01
r7a5dbb639b,train,g_425069c50793546fbdae
r7a85d422c3,train,g_e03fb6111a1bf97f0447
r7a9e3ca740,train,g_16ad46dac0ca3586ee93
r7acc6fc7f4,validation,g_e4df5392e16c96b71a97
r7add2fda58,train,g_f56e7b4f6c82625132a3
r7ae7d854f1,train,g_7aff5be4efaa534e0adb
r7af073c56f,train,g_425069c50793546fbdae
r7af2364bce,train,g_5a6cbe2d23a24c896e26
r7b34a75688,validation,g_1c7150532e5cec15272f
r7b38021648,train,g_e03fb6111a1bf97f0447
r7b3dad8cb8,train,g_c52925da5758565fd511
r7b9154022b,train,g_7c8a9fdc4be3b31fc412
r7c0fe5542f,train,g_7aff5be4efaa534e0adb
r7c2ed12e27,train,g_7c8a9fdc4be3b31fc412
r7c457e614b,train,g_f9aa0de4a54979a5219e
r7c4985ee48,train,g_3eae169ea4f7b7ce932b
r7ca09f0a42,train,g_d150a7f10500a05001ba
r7ca3eb3095,train,g_3c6fc6d8b98f9a562fea
r7ced6d86af,train,g_7aff5be4efaa534e0adb
r7cefbf3840,train,g_e03fb6111a1bf97f0447
r7cf5f24ff1,validation,g_bb01a33c56cef4208f6b
r7d1f7a7a3d,train,g_eb609d9c385bb64b82f2
r7d59480d4b,train,g_0465bebf3d40565ce87f
r7d73ea4b8b,train,g_99331408c85898935584
r7da160ce55,train,g_e9577c9b5ff695b147cd
r7db35e4921,train,g_16ad46dac0ca3586ee93
r7dcd1ba70d,train,g_1ff1a2e43604e65807bc
r7de0b11eae,train,g_80251c5899067b069c52
r7de5389eff,train,g_46e3a4936cc807ecee01
r7de9e8d15a,train,g_e9577c9b5ff695b147cd
r7def4d829a,validation,g_1c7150532e5cec15272f
r7e0a51bdb8,train,g_3d5081024fb9ae61bb5e
r7e7767d289,validation,g_a9388a6f9ec6e0229812
r7e94b4dbf6,validation,g_46d7b5b46358b4b2bac6
r7eb29474dd,validation,g_afb5d516625ac1fdc958
r7ec6130515,validation,g_46d7b5b46358b4b2bac6
r7edb3c9774,validation,g_42208d6c736b6bfce214
r7f0390ec10,train,g_6b1d21d9b3683ced1720
r7f5f4c9f07,validation,g_fdd02bd52e3a716accb4
r7f61a11f73,train,g_54015112a7cd699801af
r7f67fe7595,train,g_286343c644ac92bca30f
r7f888addce,train,g_1cc3404ed5249fe50fc7
r7f88a2cbb9,train,g_6855e10056b674fb0971
r7f8d531b44,train,g_7c8a9fdc4be3b31fc412
r7f908a9f54,train,g_33b24216a7a79c8ea245
r7f9309b0ae,train,g_54015112a7cd699801af
r7fba728083,train,g_028322e98b4af6d10413
r801f68c24e,train,g_6855e10056b674fb0971
r80602481b6,train,g_7aff5be4efaa534e0adb
r807a288d02,validation,g_beb256d74c4a98913610
r807ee49f44,train,g_f619ca1e97d7e47619da
r8084a8fbd5,train,g_7c8a9fdc4be3b31fc412
r808ae5df03,validation,g_1c7150532e5cec15272f
r80c7b1fea2,train,g_028322e98b4af6d10413
r80caa86eeb,train,g_7aff5be4efaa534e0adb
r80cca3c399,train,g_6988f49896af983b510b
r80da86473a,train,g_3eae169ea4f7b7ce932b
r80ea8bd312,train,g_a77d3c857e97086de4f6
r80ffbf9957,validation,g_46d7b5b46358b4b2bac6
r8124fdc5b0,train,g_533ab23b46779a4ec762
r81b2df58e6,train,g_5c3e622fe88dc96aec74
r81ce7afea5,train,g_6988f49896af983b510b
r81d2058db0,train,g_28ce411514bcf7a5f918
r81edb59eed,train,g_479dd5bb04884a25d51d
r8228cdf926,train,g_e9577c9b5ff695b147cd
r822deaa175,train,g_f619ca1e97d7e47619da
r824e494930,validation,g_46d7b5b46358b4b2bac6
r82887ba8ce,train,g_7c8a9fdc4be3b31fc412
r828dcc9d3a,validation,g_1c7150532e5cec15272f
r82d7c94e9c,validation,g_bb01a33c56cef4208f6b
r82e555bd9c,validation,g_46d7b5b46358b4b2bac6
r82ed61f73b,train,g_6126d9be31bf068f73fc
r82f3d62894,validation,g_46d7b5b46358b4b2bac6
r8328c7e9f0,train,g_d150a7f10500a05001ba
r83415d00c9,train,g_731608e817a1b0314217
r834c94422e,train,g_7c8a9fdc4be3b31fc412
r834f99da47,train,g_f9aa0de4a54979a5219e
r836490fcfe,validation,g_42208d6c736b6bfce214
r83a6479a7c,train,g_130e69362b63b2d4bad0
r83ad030b59,validation,g_b0ebc207bb51b53280d2
r83e16f96ff,validation,g_1c7150532e5cec15272f
r84015a9b08,train,g_4e6d25dc7fa97d552650
r8421684753,train,g_5444921e7ba299f7ff62
r842291936a,validation,g_1c7150532e5cec15272f
r842a73b154,train,g_acf8801c797ba8d29269
r842c163a56,train,g_16ad46dac0ca3586ee93
r8445803fee,train,g_87569e704ea5aad74740
r8477012aff,train,g_5486a82b18271830fc8e
r849a7a296c,train,g_80251c5899067b069c52
r849ee03066,train,g_4664a784c3dc61fb8e79
r84a4c397ac,train,g_9235adb78efa6508daaa
r84b4de6e55,train,g_550d9f21a7e50258a353
r84d34c815a,train,g_46e3a4936cc807ecee01
r84e42fd2aa,train,g_4f6a74e96a3fa062ca24
r850d4261ad,train,g_130e69362b63b2d4bad0
r852123ad2f,train,g_6fb27dafd478c4523f13
r85322ce1ed,train,g_5486a82b18271830fc8e
r85371658e9,validation,g_0ca2440d7b740c625213
r853a457895,train,g_b4ba800ed010f536162b
r853f51227f,train,g_bf625efa60acb15aa095
r85631a7ce4,train,g_425069c50793546fbdae
r859981c94a,train,g_28ce411514bcf7a5f918
r85bc125afe,train,g_7aff5be4efaa534e0adb
r85dd346286,train,g_54015112a7cd699801af
r85f421a8a7,train,g_a7503cc1e57ca032000a
r85f7a5de21,validation,g_a9388a6f9ec6e0229812
r85f8ac5bea,train,g_0dfea6e95bcbbf9c3e27
r85feffc1e9,train,g_46e3a4936cc807ecee01
r860dd21623,train,g_f9b2bc221eea4111f5d9
r861201fd37,train,g_bf625efa60acb15aa095
r8635c5ccd6,validation,g_bb01a33c56cef4208f6b
r863c990311,train,g_5a6cbe2d23a24c896e26
r869412d00c,validation,g_a9388a6f9ec6e0229812
r86b9553b37,train,g_2ee8923e359d4bf2348b
r86bf88723b,train,g_d150a7f10500a05001ba
r86d7bc972e,train,g_533ab23b46779a4ec762
r86dd6e80b1,train,g_d70574695a075a5d476f
r86ed796913,validation,g_1c7150532e5cec15272f
r86fdb48ed2,train,g_e03fb6111a1bf97f0447
r871d2b3abc,train,g_36860bee34a8f40c4da5
r873ce609bf,validation,g_bb01a33c56cef4208f6b
r876fb7e39e,train,g_69a034ea92bad62fd5e1
r8772cf4397,train,g_e9577c9b5ff695b147cd
r8778c347eb,train,g_2134ad4314270d2e1fdb
r87abda03e2,validation,g_46d7b5b46358b4b2bac6
r87b58af451,train,g_facb777db5ff6cad4919
r87f70cc7ad,validation,g_a9388a6f9ec6e0229812
r8824108a2b,train,g_06da33e5987f3b1fafe4
r8830e4598e,train,g_6988f49896af983b510b
r885c4de1d5,validation,g_42208d6c736b6bfce214
r8896826365,train,g_d70574695a075a5d476f
r88c526fa9c,validation,g_bb01a33c56cef4208f6b
r88c7a57b72,train,g_5c3e622fe88dc96aec74
r88e13c9b13,train,g_5c3e622fe88dc96aec74
r89077608e7,train,g_e03fb6111a1bf97f0447
r89620c8277,train,g_687e394bd21ffa9e2b96
r8999eb5dfb,train,g_1f18d6a42f2bea54fcd6
r899a59e93b,train,g_e03fb6111a1bf97f0447
r89b5bcf0aa,train,g_731608e817a1b0314217
r89bceb82d6,train,g_2fdf55e1de60c104f543
r89c0f365e7,train,g_7c8a9fdc4be3b31fc412
r89ca168bee,train,g_0fb0b6f2e5098b659573
r89df748ed8,train,g_479dd5bb04884a25d51d
r89f474d1f9,train,g_7aff5be4efaa534e0adb
r8a14da9b20,train,g_11470505f97c3b35e50b
r8a31ee2b91,train,g_46e3a4936cc807ecee01
r8a45b2bd70,train,g_1d1c3c2dac0772c79e45
r8a72278598,train,g_e7fde9f3a8b659ae176f
r8acda42e8b,train,g_3bd2ecd273e010ebe3bf
r8ace767fe5,train,g_bf625efa60acb15aa095
r8ae607a51d,train,g_479dd5bb04884a25d51d
r8af67622f0,train,g_ad79a481455135b7a127
r8b06136065,train,g_851f63a7e28e8ec95d9a
r8b227934e5,train,g_1d935fdb13554fd278f5
r8b291ce9bc,train,g_731608e817a1b0314217
r8b3037bc4b,train,g_425069c50793546fbdae
r8b6200329d,train,g_24b27a4f9aba0388fb5b
r8b6f005f39,validation,g_bb01a33c56cef4208f6b
r8b7a599d43,validation,g_46d7b5b46358b4b2bac6
r8b7d4e735d,train,g_fac85151194d67c9ae47
r8b805cab6b,train,g_028322e98b4af6d10413
r8b80989880,train,g_3eae169ea4f7b7ce932b
r8b8aca5e36,validation,g_46d7b5b46358b4b2bac6
r8ba71b7833,train,g_f619ca1e97d7e47619da
r8be1e16e51,validation,g_46d7b5b46358b4b2bac6
r8c113df0b5,train,g_533ab23b46779a4ec762
r8c4bce00d3,train,g_7aff5be4efaa534e0adb
r8c5c0186c4,train,g_425069c50793546fbdae
r8c66732147,train,g_d70574695a075a5d476f
r8c7574fd7b,train,g_3bd2ecd273e010ebe3bf
r8c9392f451,train,g_f9aa0de4a54979a5219e
r8ca4dfca99,validation,g_bb01a33c56cef4208f6b
r8cc8b771af,train,g_7c8a9fdc4be3b31fc412
r8ccf938655,train,g_32b2042e816a2f690871
r8cd6782b6e,train,g_479dd5bb04884a25d51d
r8cf6fa3028,validation,g_22863a84511ddec3c973
r8d31dd60fc,train,g_3d5081024fb9ae61bb5e
r8d57d00001,train,g_aca455b4e29a5ea70884
r8d6091058d,validation,g_a9388a6f9ec6e0229812
r8d6ca6c2b1,train,g_479dd5bb04884a25d51d
r8d7c0e6608,train,g_46e3a4936cc807ecee01
r8d8063ca32,train,g_29184f0c248771cae315
r8da9de6bda,validation,g_a9388a6f9ec6e0229812
r8dde9f7210,train,g_731608e817a1b0314217
r8de5825664,train,g_731608e817a1b0314217
r8de83e01d5,train,g_e9577c9b5ff695b147cd
r8dfa139ccc,train,g_bf625efa60acb15aa095
r8e0cde69f5,train,g_68302f2c3dcc0f1f680f
r8e2a1341c7,train,g_533ab23b46779a4ec762
r8e2a4aad86,train,g_d457530bc382b11d1f41
r8e3ef61169,train,g_7c8a9fdc4be3b31fc412
r8e7b3e1cfb,train,g_d70574695a075a5d476f
r8e8144cd52,train,g_5c3e622fe88dc96aec74
r8eb4a09d93,train,g_4c544c286f8729892435
r8ee5dbceed,train,g_28ce411514bcf7a5f918
r8efeaf43e5,train,g_f619ca1e97d7e47619da
r8f1147648a,train,g_dd4b2806f0b2a952b6eb
r8f14beed4a,train,g_57e4fc0b3daf6c3a5510
r8f257881ae,train,g_9fd072ce655af9db3288
r8f3f19751c,train,g_6988f49896af983b510b
r8f5525831a,validation,g_1c7150532e5cec15272f
r8f661fce43,train,g_3eae169ea4f7b7ce932b
r8f8236bf45,train,g_99ab239ed74c6d156339
r8fa13a7c56,train,g_3eae169ea4f7b7ce932b
r8fec3b833b,train,g_425069c50793546fbdae
r900b53eba4,train,g_3d5081024fb9ae61bb5e
r900bc28f91,validation,g_bb01a33c56cef4208f6b
r9034748532,validation,g_46d7b5b46358b4b2bac6
r9045431126,train,g_e8dee4acc79242574399
r904ba2a4dc,train,g_425069c50793546fbdae
r905e2e384c,train,g_019f0d69e32ee2873bf6
r908396425d,train,g_425069c50793546fbdae
r90a38c9dd9,validation,g_1c7150532e5cec15272f
r90e7f8fffa,train,g_bf625efa60acb15aa095
r914e098a88,train,g_1f8704498bef01e0a959
r916ef49ab9,train,g_6988f49896af983b510b
r9197687c01,train,g_425069c50793546fbdae
r91abbf7517,train,g_d39f2ef38c5dd034042b
r91c065f9cd,validation,g_4797d19f71e7e18d759b
r91f057cacb,train,g_130e69362b63b2d4bad0
r91f74ebedf,train,g_c52925da5758565fd511
r91fd435d3f,validation,g_a9388a6f9ec6e0229812
r91ff027408,train,g_36860bee34a8f40c4da5
r9206c37cda,train,g_6988f49896af983b510b
r92084e289e,train,g_731608e817a1b0314217
r92096ccc3a,train,g_e80b90722e0ccdf8fbaf
r9213ce7806,validation,g_46d7b5b46358b4b2bac6
r921760a86b,validation,g_bb01a33c56cef4208f6b
r923362c705,train,g_cdce42abdd72a152ceac
r92340626cf,train,g_99331408c85898935584
r9244b3306f,validation,g_46d7b5b46358b4b2bac6
r9246ae1173,train,g_46e3a4936cc807ecee01
r92473588d7,train,g_479dd5bb04884a25d51d
r926bd2c169,train,g_4704c3fefcb54576efdb
r929057e204,train,g_4664a784c3dc61fb8e79
r92b5c9b5c7,train,g_7aff5be4efaa534e0adb
r92da0593bf,train,g_6988f49896af983b510b
r92e960fdc5,train,g_1cc3404ed5249fe50fc7
r931fa47b33,train,g_7c8a9fdc4be3b31fc412
r9340c41a1b,train,g_6988f49896af983b510b
r93478c92bf,validation,g_bb01a33c56cef4208f6b
r9349f128a5,train,g_7c8a9fdc4be3b31fc412
r939173429a,train,g_479dd5bb04884a25d51d
r93b5fa1d82,train,g_3eae169ea4f7b7ce932b
r93bc8d0686,train,g_1d935fdb13554fd278f5
r93dade4c37,train,g_87569e704ea5aad74740
r93e23cd878,train,g_533ab23b46779a4ec762
r93e734e701,validation,g_1dd38b09aede1c3a8a54
r94121f96ba,train,g_ad3825d6903613f9a965
r942a13c949,train,g_d150a7f10500a05001ba
r943324605c,train,g_69a034ea92bad62fd5e1
r9436d7f874,train,g_7aff5be4efaa534e0adb
r943d29b4b2,train,g_7c8a9fdc4be3b31fc412
r946bada2aa,train,g_c52925da5758565fd511
r9476cc0542,train,g_e03fb6111a1bf97f0447
r9483385f6f,train,g_425069c50793546fbdae
r94838c4d46,validation,g_46d7b5b46358b4b2bac6
r94960c8f7a,train,g_54015112a7cd699801af
r94989caeef,train,g_3eae169ea4f7b7ce932b
r949ba2256c,train,g_286343c644ac92bca30f
r94c821d8c9,train,g_f619ca1e97d7e47619da
r94cbe1e245,train,g_36860bee34a8f40c4da5
r94cf1b0c9c,train,g_1f8704498bef01e0a959
r94e2c97cdc,train,g_425069c50793546fbdae
r94f1569827,train,g_026418487f3a0330f6d6
r950376b374,validation,g_46d7b5b46358b4b2bac6
r9522e00c20,train,g_9f516ceec5f5de8656dc
r954d3cf095,validation,g_46d7b5b46358b4b2bac6
r95655edf8e,train,g_479dd5bb04884a25d51d
r956beffd99,train,g_425069c50793546fbdae
r957f86e2c1,train,g_479dd5bb04884a25d51d
r9589c07859,train,g_4c544c286f8729892435
r95d6f2d938,train,g_550d9f21a7e50258a353
r95de77b131,train,g_425069c50793546fbdae
r95e4ffe002,validation,g_a9388a6f9ec6e0229812
r95eff3e35e,train,g_7ad25016a11ab25bc1fc
r95faf2182a,train,g_479dd5bb04884a25d51d
r960b231b97,train,g_bf625efa60acb15aa095
r963670316c,validation,g_46d7b5b46358b4b2bac6
r964bef018d,validation,g_46d7b5b46358b4b2bac6
r9672d7be34,train,g_b4ba800ed010f536162b
r968586a02a,train,g_5c3e622fe88dc96aec74
r96cf55575b,train,g_479dd5bb04884a25d51d
r96e00c08e1,train,g_239cdf76f45054449c76
r96e6d080ae,train,g_fce302bc627e11f4633d
r96f6a991ef,train,g_1f8704498bef01e0a959
r96f8b81feb,train,g_6988f49896af983b510b
r96fb66b68b,train,g_731608e817a1b0314217
r970f445174,train,g_11f7c72a97406dd553de
r9713de16d3,train,g_e80b90722e0ccdf8fbaf
r971a2847bf,train,g_130e69362b63b2d4bad0
r978022a7ac,train,g_019f0d69e32ee2873bf6
r9785da9c6b,train,g_1d935fdb13554fd278f5
r97dea4d30e,train,g_b4ba800ed010f536162b
r97e5764e33,train,g_43e056a59152598ec4d6
r9811bfacdf,train,g_46e3a4936cc807ecee01
r983c6c6557,train,g_7aff5be4efaa534e0adb
r985b7e3dbb,validation,g_a9388a6f9ec6e0229812
r98714edf10,train,g_7c8a9fdc4be3b31fc412
r9888140838,train,g_425069c50793546fbdae
r98882e5e02,train,g_54015112a7cd699801af
r989d6aa865,train,g_a0846cd9ef586f286ba7
r98a5ff4969,train,g_5a6cbe2d23a24c896e26
r98aaf45285,train,g_57cadb9cd2fa4d2f38ef
r98b732fe6d,validation,g_46d7b5b46358b4b2bac6
r98ccd4c39d,train,g_36860bee34a8f40c4da5
r9912097e71,train,g_bf625efa60acb15aa095
r993b6c8b8f,train,g_479dd5bb04884a25d51d
r99577ea861,train,g_bf625efa60acb15aa095
r9967a57b40,validation,g_7b4ed96fb42d0cf19792
r9968d65ca5,train,g_6988f49896af983b510b
r99714d3336,train,g_80b1bc07824ae1c3c225
r998bc73524,train,g_019f0d69e32ee2873bf6
r99b6a9eeba,train,g_46e3a4936cc807ecee01
r99f7efbbb7,train,g_e03fb6111a1bf97f0447
r9a0792230e,validation,g_46d7b5b46358b4b2bac6
r9a12dee733,train,g_5c3e622fe88dc96aec74
r9a1c3b072f,train,g_7c8a9fdc4be3b31fc412
r9aa8d124fd,train,g_6988f49896af983b510b
r9aacf97c18,train,g_0465bebf3d40565ce87f
r9ad86380c4,train,g_eb609d9c385bb64b82f2
r9ae92c4505,train,g_943f91a638329871fa4d
r9af51aca38,train,g_7c8a9fdc4be3b31fc412
r9aff077086,validation,g_bb01a33c56cef4208f6b
r9b04e6f640,validation,g_a9388a6f9ec6e0229812
r9b08c5ae16,train,g_4c544c286f8729892435
r9b1156b12d,train,g_5c3e622fe88dc96aec74
r9b28ed8b72,train,g_239cdf76f45054449c76
r9b497edb1b,train,g_3eae169ea4f7b7ce932b
r9b651dfe7d,validation,g_a9388a6f9ec6e0229812
r9b7d788b2a,train,g_425069c50793546fbdae
r9b828203bf,validation,g_46d7b5b46358b4b2bac6
r9bb6b28247,train,g_acf8801c797ba8d29269
r9bc91cccef,train,g_46e3a4936cc807ecee01
r9c02cfe020,train,g_d3f2c365e5211b3e299b
r9c17cdeeba,train,g_ec3cd7918d9c269d724e
r9c4bdf06b6,train,g_e80b90722e0ccdf8fbaf
r9c9f94ee56,validation,g_1c7150532e5cec15272f
r9cbba29584,train,g_425069c50793546fbdae
r9cca3323cc,train,g_550d9f21a7e50258a353
r9cec447723,train,g_46e3a4936cc807ecee01
r9cf6419a20,train,g_d70574695a075a5d476f
r9cf6c3fa85,train,g_36860bee34a8f40c4da5
r9d0b69786a,train,g_731608e817a1b0314217
r9d381daf7a,train,g_0465bebf3d40565ce87f
r9d401860f6,train,g_e03fb6111a1bf97f0447
r9d584ce112,train,g_46e3a4936cc807ecee01
r9d7fec5250,train,g_6126d9be31bf068f73fc
r9d8933a0f8,train,g_028322e98b4af6d10413
r9da9948495,train,g_80f54a1ac2cec10a6d4d
r9dacea2a3e,train,g_f619ca1e97d7e47619da
r9ddbd99b66,train,g_425069c50793546fbdae
r9e15bc3c97,train,g_d70574695a075a5d476f
r9e25d05c6e,train,g_5486a82b18271830fc8e
r9e54482a94,validation,g_46d7b5b46358b4b2bac6
r9e5a6240cc,train,g_11470505f97c3b35e50b
r9e876aece7,validation,g_46d7b5b46358b4b2bac6
r9e8a3606bd,train,g_6988f49896af983b510b
r9e8b9e9cf2,validation,g_46d7b5b46358b4b2bac6
r9e9d62e755,train,g_5a6cbe2d23a24c896e26
r9ea96058d2,train,g_130e69362b63b2d4bad0
r9eb4d168e0,train,g_3bd2ecd273e010ebe3bf
r9ed36bfac8,train,g_130e69362b63b2d4bad0
r9eec3c2015,validation,g_bb01a33c56cef4208f6b
r9f178d2ab3,train,g_d70574695a075a5d476f
r9f5ea3ced8,validation,g_46d7b5b46358b4b2bac6
r9f65c70e24,train,g_7aff5be4efaa534e0adb
r9f712ee993,train,g_46e3a4936cc807ecee01
r9f7ecfc5a5,train,g_bf625efa60acb15aa095
r9f8b88c2bc,train,g_2ee8923e359d4bf2348b
r9fc0f17b1c,train,g_731608e817a1b0314217
r9fc5fccfad,train,g_46e3a4936cc807ecee01
r9fd4acb3cb,train,g_028322e98b4af6d10413
ra001530e16,validation,g_e4df5392e16c96b71a97
ra008278ebe,train,g_130e69362b63b2d4bad0
ra016a41ad8,validation,g_1c7150532e5cec15272f
ra01b34df72,validation,g_46d7b5b46358b4b2bac6
ra026bbec3d,train,g_7ad25016a11ab25bc1fc
ra028a88097,validation,g_46d7b5b46358b4b2bac6
ra02bf51683,train,g_e7fde9f3a8b659ae176f
ra0649c7ddd,train,g_54015112a7cd699801af
ra0a963af25,train,g_0465bebf3d40565ce87f
ra0c28d37c5,train,g_1d1c3c2dac0772c79e45
ra12cd2a41e,train,g_fac85151194d67c9ae47
ra12d58489d,validation,g_46d7b5b46358b4b2bac6
ra12f9aff86,train,g_1c1686a062ed38b65139
ra13c65a1fa,train,g_eb609d9c385bb64b82f2
ra150848609,train,g_1d935fdb13554fd278f5
ra1677c9281,train,g_0d613e46b76ba6603938
ra16a7d0b00,train,g_a0846cd9ef586f286ba7
ra17725a44a,train,g_c2b146b92e1f6a06967a
ra17756526a,train,g_2d4686b1aee5ef50c8f8
ra18a8c21cb,train,g_5486a82b18271830fc8e
ra19975db22,train,g_425069c50793546fbdae
ra19cf48214,train,g_28ce411514bcf7a5f918
ra1aa25c442,validation,g_2cad0b81e4ed2e2231c8
ra1b44432a5,train,g_28ce411514bcf7a5f918
ra1cbbded68,train,g_bf625efa60acb15aa095
ra1d9e89859,validation,g_a9388a6f9ec6e0229812
ra1de24aac4,train,g_6988f49896af983b510b
ra1eb239c8f,validation,g_46d7b5b46358b4b2bac6
ra2183d2f15,train,g_1d1c3c2dac0772c79e45
ra21aa8db7e,train,g_4c544c286f8729892435
ra2376eaa6e,train,g_5a6cbe2d23a24c896e26
ra240e92f8a,validation,g_46d7b5b46358b4b2bac6
ra24c37fab8,train,g_2fdf55e1de60c104f543
ra24d167b33,train,g_e03fb6111a1bf97f0447
ra24e48381c,train,g_4e6d25dc7fa97d552650
ra29b7ffb65,train,g_bf625efa60acb15aa095
ra2af668383,train,g_7c8a9fdc4be3b31fc412
ra2b17105b2,train,g_479dd5bb04884a25d51d
ra2bc5d15ad,train,g_80c285c2a68e7a472564
ra2bd1515f5,train,g_54015112a7cd699801af
ra2db475ecd,validation,g_a9388a6f9ec6e0229812
ra2eba62c71,validation,g_a9388a6f9ec6e0229812
ra3174dbf57,train,g_6988f49896af983b510b
ra37d4f76db,validation,g_46d7b5b46358b4b2bac6
ra37ff54656,train,g_479dd5bb04884a25d51d
ra383896c16,validation,g_1c7150532e5cec15272f
ra393f8ed79,train,g_69a034ea92bad62fd5e1
ra3ab055595,train,g_e03fb6111a1bf97f0447
ra3bb40dd48,validation,g_bb01a33c56cef4208f6b
ra3c7df31cd,train,g_6988f49896af983b510b
ra3da70796f,train,g_634fdd14956d456c7f42
ra4032591ef,train,g_fac85151194d67c9ae47
ra4497b3e6c,train,g_3b20ffe0dada3dd58c99
ra451a77dcd,validation,g_46d7b5b46358b4b2bac6
ra476330f94,train,g_3eae169ea4f7b7ce932b
ra4917206d8,train,g_46e3a4936cc807ecee01
ra4993f990c,train,g_7c8a9fdc4be3b31fc412
ra49d3410ad,train,g_3eae169ea4f7b7ce932b
ra4a6f76396,train,g_2134ad4314270d2e1fdb
ra4abe5d641,validation,g_4797d19f71e7e18d759b
ra4af98f605,validation,g_46d7b5b46358b4b2bac6
ra4b307f0fd,train,g_22a3cfc3be7db6156119
ra4fbaebac6,validation,g_46d7b5b46358b4b2bac6
ra51411007a,train,g_3825318f99a8a52ce663
ra533e2f301,train,g_30e3c2e64ad6f5939a18
ra53e4c2a30,validation,g_27e157698a2efde3ff8c
ra575af8edf,train,g_eb609d9c385bb64b82f2
ra5cab03ffb,train,g_425069c50793546fbdae
ra5e916eabe,train,g_479dd5bb04884a25d51d
ra602c2490b,train,g_026418487f3a0330f6d6
ra60cae8f09,train,g_3eae169ea4f7b7ce932b
ra60edf7522,train,g_bf625efa60acb15aa095
ra61fce4d54,train,g_8d2a1222e59c46d017f3
ra638ad7ac4,train,g_1f8704498bef01e0a959
ra64b59c7a8,train,g_6988f49896af983b510b
ra64d000eba,train,g_731608e817a1b0314217
ra6669b5880,train,g_87569e704ea5aad74740
ra709a1adb1,validation,g_46d7b5b46358b4b2bac6
ra779dc6a33,train,g_1cc3404ed5249fe50fc7
ra77ac2a57a,validation,g_46d7b5b46358b4b2bac6
ra79e9d9901,validation,g_a9388a6f9ec6e0229812
ra79f62a34d,train,g_1f8704498bef01e0a959
ra7b753439f,train,g_731608e817a1b0314217
ra7db16daa3,train,g_87569e704ea5aad74740
ra8259eeef0,train,g_5486a82b18271830fc8e
ra85fcd271a,train,g_a0846cd9ef586f286ba7
ra869ac0983,validation,g_46d7b5b46358b4b2bac6
ra879091850,train,g_d70574695a075a5d476f
ra8799d5a02,train,g_d3f2c365e5211b3e299b
ra88b23694d,train,g_05596eb8b34965ac1c12
ra8aeaf58ba,train,g_5c3e622fe88dc96aec74
ra8d834c153,validation,g_1c7150532e5cec15272f
ra8dcbe5e1f,validation,g_4797d19f71e7e18d759b
ra91e545c43,train,g_7c8a9fdc4be3b31fc412
ra93de9cd91,train,g_2fdf55e1de60c104f543
ra94d7df134,train,g_80251c5899067b069c52
ra973bb1cdd,validation,g_46d7b5b46358b4b2bac6
ra9787ebb34,train,g_54015112a7cd699801af
ra979b27e75,train,g_dfc6cbe8cd727cfbd89c
ra9dde992a1,train,g_479dd5bb04884a25d51d
ra9e5e17b9b,train,g_5da45057bf64bf74cc85
raa07101b81,train,g_20184c14d46ecfeb6df7
raa117ef38c,train,g_9a9760fc200dada6b10d
raa172d83b5,train,g_6988f49896af983b510b
raa4440c28e,train,g_7c8a9fdc4be3b31fc412
raa5753f853,train,g_7c8a9fdc4be3b31fc412
raa8727a5ab,train,g_80251c5899067b069c52
raa8a9d770c,train,g_5e66bb1d3b546474387f
raa981f23ce,train,g_8c0163c902e99b3bedf3
raabe09de40,train,g_e03fb6111a1bf97f0447
raad349e15c,validation,g_46d7b5b46358b4b2bac6
raae11dfa9c,train,g_479dd5bb04884a25d51d
raaec2e29de,validation,g_46d7b5b46358b4b2bac6
raaf173271d,train,g_5486a82b18271830fc8e
rab08bc2848,train,g_7aff5be4efaa534e0adb
rab1ca1201e,train,g_322af2a2d0bc5722ea93
rab59c47dbb,train,g_1d1c3c2dac0772c79e45
rab5b85a55f,train,g_479dd5bb04884a25d51d
rabb5fb8b31,train,g_e9577c9b5ff695b147cd
rabb97547f3,train,g_06da33e5987f3b1fafe4
rabc14d91bd,train,g_8c0163c902e99b3bedf3
rabfcc25e70,train,g_fce302bc627e11f4633d
rac0ce7b5c8,train,g_fce302bc627e11f4633d
rac1c34a7fb,train,g_5a6cbe2d23a24c896e26
rac2d584c9e,validation,g_a9388a6f9ec6e0229812
rac3303425d,train,g_9f516ceec5f5de8656dc
rac343a7260,train,g_028322e98b4af6d10413
rac49620d84,train,g_b4ba800ed010f536162b
rac53859001,train,g_425069c50793546fbdae
rac54fa2cc0,train,g_36860bee34a8f40c4da5
rac6c60ccaa,train,g_1f8704498bef01e0a959
rac72a697bf,train,g_b0fbb64ffca3928d1a84
rac7c145425,train,g_479dd5bb04884a25d51d
rac909e7b57,train,g_c76816aca634391077ad
racdae59f95,train,g_1f18d6a42f2bea54fcd6
racdbc80e38,train,g_655707ccb79949a60800
racde464915,validation,g_a9388a6f9ec6e0229812
race5179cc2,train,g_7c8a9fdc4be3b31fc412
racf595d654,train,g_36860bee34a8f40c4da5
racfb246b75,train,g_1f8704498bef01e0a959
rad2053f2a3,train,g_550d9f21a7e50258a353
rad3ec2ce08,train,g_46e3a4936cc807ecee01
rad915c504b,train,g_06da33e5987f3b1fafe4
rad9f57c142,validation,g_a9388a6f9ec6e0229812
rada6070774,train,g_bf625efa60acb15aa095
radd9fd55a3,train,g_6988f49896af983b510b
rade94a6f31,train,g_91cf39d05a8decbc82d9
radece95169,train,g_bf625efa60acb15aa095
radee099c23,train,g_731608e817a1b0314217
rae01f0f79b,train,g_e80b90722e0ccdf8fbaf
rae0afde317,validation,g_bb01a33c56cef4208f6b
rae23d5b0ff,train,g_54015112a7cd699801af
rae383f571d,train,g_2e5bd3f76efcb7775c96
rae4bd99961,validation,g_a9388a6f9ec6e0229812
rae8ed6233a,validation,g_bb01a33c56cef4208f6b
raea9d41087,train,g_eb609d9c385bb64b82f2
raec764519c,train,g_e03fb6111a1bf97f0447
raed77bc72d,train,g_3eae169ea4f7b7ce932b
raef141eba9,train,g_533ab23b46779a4ec762
raef47a97a2,validation,g_a9388a6f9ec6e0229812
raef63c8019,train,g_e012050ca487d5e9a930
raf0debf236,train,g_3eae169ea4f7b7ce932b
raf486eb49a,train,g_a0846cd9ef586f286ba7
raf563f1c41,validation,g_a9388a6f9ec6e0229812
raf753c0d20,train,g_6988f49896af983b510b
raf9b9a0564,train,g_6988f49896af983b510b
rafa91b9e71,train,g_a7503cc1e57ca032000a
rafae2c0eb4,validation,g_bb01a33c56cef4208f6b
rafb2f22011,validation,g_1c7150532e5cec15272f
rafd9dcd1af,train,g_479dd5bb04884a25d51d
rafe8280f62,train,g_479dd5bb04884a25d51d
rafeedb71cc,validation,g_46d7b5b46358b4b2bac6
rb0167c89af,validation,g_46d7b5b46358b4b2bac6
rb0532da80d,validation,g_4797d19f71e7e18d759b
rb06259340e,train,g_239cdf76f45054449c76
rb072136f28,train,g_33b24216a7a79c8ea245
rb080c6fa42,train,g_46e3a4936cc807ecee01
rb0aae43f67,validation,g_a9388a6f9ec6e0229812
rb0c29a9dee,train,g_7c8a9fdc4be3b31fc412
rb0c52ac9ec,train,g_7c8a9fdc4be3b31fc412
rb0d6a566b3,train,g_6988f49896af983b510b
rb129f5a0bc,train,g_e594b1fe21b2b5f1f93a
rb163242d39,train,g_a0846cd9ef586f286ba7
rb17e22b0ba,train,g_3eae169ea4f7b7ce932b
rb182f126d1,train,g_6126d9be31bf068f73fc
rb194bdb95a,train,g_46e3a4936cc807ecee01
rb19b535792,train,g_bf625efa60acb15aa095
rb1a780aebe,train,g_11470505f97c3b35e50b
rb1ac1d3840,train,g_731608e817a1b0314217
rb1c3faa686,train,g_533ab23b46779a4ec762
rb1c40c0cde,train,g_0ee82bc31ae065b87628
rb1d32e3b86,validation,g_1c7150532e5cec15272f
rb2630c0785,train,g_f9aa0de4a54979a5219e
rb27179b12f,validation,g_46d7b5b46358b4b2bac6
rb294c2359f,validation,g_beb256d74c4a98913610
rb2aa8bcb77,train,g_fac85151194d67c9ae47
rb2cb18f831,train,g_5486a82b18271830fc8e
rb2ea207429,train,g_479dd5bb04884a25d51d
rb3298b62ca,train,g_8c0163c902e99b3bedf3
rb32b99e8e6,validation,g_46d7b5b46358b4b2bac6
rb32ffe5365,validation,g_a9388a6f9ec6e0229812
rb3378c2d7a,train,g_9fd072ce655af9db3288
rb34168ef48,train,g_637d2e6cb1e34d01c6c6
rb355e4442d,train,g_731608e817a1b0314217
rb356b0d13f,train,g_bf625efa60acb15aa095
rb36e0c63ec,train,g_1ff1a2e43604e65807bc
rb37be66635,train,g_d150a7f10500a05001ba
rb3a13f9749,train,g_dbe198826655b9b72ce7
rb3ee660175,train,g_6988f49896af983b510b
rb3f888c164,train,g_3eae169ea4f7b7ce932b
rb419e2c78f,train,g_46e3a4936cc807ecee01
rb45c38b03e,validation,g_46d7b5b46358b4b2bac6
rb48a889e8b,train,g_16ad46dac0ca3586ee93
rb4c06bcbbc,validation,g_a9388a6f9ec6e0229812
rb4d65d42f5,train,g_d150a7f10500a05001ba
rb4fc0338db,train,g_316dbc943fa3d1f490ae
rb507d0eba9,train,g_3eae169ea4f7b7ce932b
rb50e2b8032,train,g_80c285c2a68e7a472564
rb524c9cac2,train,g_425069c50793546fbdae
rb52cd2f301,train,g_f619ca1e97d7e47619da
rb5ae6b2f23,train,g_9a9760fc200dada6b10d
rb5c671ac32,train,g_16ad46dac0ca3586ee93
rb5d72fdae6,train,g_55b951b745bc9a5f03c4
rb5e5794b7f,train,g_595aed2b498649a0161b
rb5f38cc52e,train,g_46e3a4936cc807ecee01
rb5fec5456b,train,g_f9aa0de4a54979a5219e
rb610117fb3,train,g_16ad46dac0ca3586ee93
rb614daba6b,validation,g_46d7b5b46358b4b2bac6
rb61f587c01,train,g_bf625efa60acb15aa095
rb646359ea4,validation,g_46d7b5b46358b4b2bac6
rb67182dd5a,train,g_a945e5d9fcc6fd076dbc
rb69347484d,train,g_54015112a7cd699801af
rb695629f19,train,g_8471345a9e627954e2d1
rb6a25b3c3e,train,g_5a6cbe2d23a24c896e26
rb6c031d39f,train,g_1d1c3c2dac0772c79e45
rb70a9e57b7,validation,g_a9388a6f9ec6e0229812
rb7235f03e9,train,g_dbe198826655b9b72ce7
rb78456e506,train,g_46e3a4936cc807ecee01
rb7954f6369,train,g_36860bee34a8f40c4da5
rb7a7400717,validation,g_1c7150532e5cec15272f
rb7aa254772,train,g_3eae169ea4f7b7ce932b
rb7c44b0de0,train,g_425069c50793546fbdae
rb80245f02e,train,g_3eae169ea4f7b7ce932b
rb808fe76a5,validation,g_8910ecb6b7c336bf79a7
rb818a06a6e,train,g_425069c50793546fbdae
rb825e9f098,train,g_7c8a9fdc4be3b31fc412
rb826a1531d,train,g_7c8a9fdc4be3b31fc412
rb857843850,train,g_7c8a9fdc4be3b31fc412
rb85cabd148,train,g_f9aa0de4a54979a5219e
rb87e7096e5,train,g_8225f784c3b179ef8cb6
rb889fe5742,train,g_6b5ff146c1cd506321ed
rb890cb9969,train,g_43e056a59152598ec4d6
rb8c455ac99,train,g_6988f49896af983b510b
rb8d9671550,validation,g_a9388a6f9ec6e0229812
rb90a08e2e0,train,g_f619ca1e97d7e47619da
rb90b41661f,validation,g_46d7b5b46358b4b2bac6
rb947ad1dee,train,g_7c8a9fdc4be3b31fc412
rb949031d23,validation,g_0ca2440d7b740c625213
rb97428c9a6,train,g_6988f49896af983b510b
rb9a7eed531,train,g_479dd5bb04884a25d51d
rb9ee2fcf06,train,g_5c3e622fe88dc96aec74
rba1e518f81,validation,g_59901442130f93aa7e45
rba23aac1df,validation,g_1c7150532e5cec15272f
rba62676947,train,g_731608e817a1b0314217
rba714c7727,train,g_479dd5bb04884a25d51d
rbaa8c90f30,train,g_87569e704ea5aad74740
rbaad7c3637,train,g_93285fe859ef63a33c60
rbab8e3f3ff,train,g_479dd5bb04884a25d51d
rbac0859bdf,train,g_31a34aedb8bb0d5fc062
rbaf526835e,train,g_7c8a9fdc4be3b31fc412
rbaf7113fc8,train,g_fce302bc627e11f4633d
rbafe8fa1c2,train,g_ad79a481455135b7a127
rbb0244ab08,train,g_7c8a9fdc4be3b31fc412
rbb033a6fdf,validation,g_a9388a6f9ec6e0229812
rbb3ee0db31,train,g_731608e817a1b0314217
rbb40ed083e,train,g_1d1c3c2dac0772c79e45
rbb57a4a13d,train,g_425069c50793546fbdae
rbb5a8df01c,train,g_fce302bc627e11f4633d
rbb88391824,train,g_bf625efa60acb15aa095
rbb9839f9e2,train,g_b4ba800ed010f536162b
rbb9ea6d273,train,g_d6ab57cfc5bc9af49f4c
rbbaf345d73,train,g_425069c50793546fbdae
rbbd384bb94,validation,g_46d7b5b46358b4b2bac6
rbbef00bf5b,train,g_5a6cbe2d23a24c896e26
rbbf60e9833,train,g_1f8704498bef01e0a959
rbc0e51fb1e,train,g_c52925da5758565fd511
rbc3ea63ff5,train,g_2d4686b1aee5ef50c8f8
rbc5bef5ea1,validation,g_42208d6c736b6bfce214
rbc73850753,train,g_0cf3763fb84eb918de4f
rbc8ff8d8b0,train,g_634fdd14956d456c7f42
rbc976c8fd1,train,g_3eae169ea4f7b7ce932b
rbcb60866f1,validation,g_46d7b5b46358b4b2bac6
rbd012cc31d,train,g_46e3a4936cc807ecee01
rbd3a9aed6d,train,g_7aff5be4efaa534e0adb
rbd96988676,train,g_bf625efa60acb15aa095
rbd993389f4,train,g_6988f49896af983b510b
rbdb22ce803,validation,g_a9388a6f9ec6e0229812
rbdcbe7c108,train,g_e1520294a8313d92b3bd
rbdf3f2a24e,train,g_ad79a481455135b7a127
rbe7affc6ef,train,g_9235adb78efa6508daaa
rbe82baad48,train,g_7c8a9fdc4be3b31fc412
rbe89340893,train,g_425069c50793546fbdae
rbe9299d4cc,train,g_7c8a9fdc4be3b31fc412
rbe9ff3ab02,validation,g_46d7b5b46358b4b2bac6
rbea6c479a0,validation,g_bb01a33c56cef4208f6b
rbec85da35a,train,g_0465bebf3d40565ce87f
rbed473194b,train,g_e03fb6111a1bf97f0447
rbed9b4f2e6,train,g_130e69362b63b2d4bad0
rbf25dc00dc,train,g_7c8a9fdc4be3b31fc412
rbf365a5212,train,g_c347dae8b1a120d850d9
rbf53d03285,train,g_eb609d9c385bb64b82f2
rbfc1313f3c,train,g_3eae169ea4f7b7ce932b
rbfe1006edd,train,g_8d2a1222e59c46d017f3
rbff43c7c70,train,g_f619ca1e97d7e47619da
rbffe7828f1,train,g_9ad50fc448ef57261789
rc005908785,train,g_7c8a9fdc4be3b31fc412
rc00e0fcd0e,train,g_46e3a4936cc807ecee01
rc0394af335,validation,g_a9388a6f9ec6e0229812
rc03a76fa4f,train,g_d70574695a075a5d476f
rc03ec2921b,validation,g_46d7b5b46358b4b2bac6
rc04791ba9d,train,g_46e3a4936cc807ecee01
rc06e24432f,train,g_425069c50793546fbdae
rc0f6ef13c1,train,g_731608e817a1b0314217
rc0fd262e17,train,g_6988f49896af983b510b
rc105f5fc61,train,g_bf625efa60acb15aa095
rc127fa05a5,train,g_019f0d69e32ee2873bf6
rc157fe7a4c,train,g_7c8a9fdc4be3b31fc412
rc1729937a7,train,g_517ab9504976425078d1
rc1b22cc9d4,validation,g_42208d6c736b6bfce214
rc1b5235894,train,g_6fb27dafd478c4523f13
rc1e8bea3ec,train,g_1c1686a062ed38b65139
rc1f6257562,train,g_731608e817a1b0314217
rc1fa9e9daa,train,g_550d9f21a7e50258a353
rc2134e6538,train,g_7b179e23656c2a463386
rc213a93c3b,validation,g_46d7b5b46358b4b2bac6
rc214a63589,validation,g_bb01a33c56cef4208f6b
rc271a52ffe,train,g_7c8a9fdc4be3b31fc412
rc28bf5bcfd,train,g_c52925da5758565fd511
rc28ebc0dd5,train,g_54015112a7cd699801af
rc29e2c0bcf,validation,g_46d7b5b46358b4b2bac6
rc2a6830edf,validation,g_bb01a33c56cef4208f6b
rc2b258568d,train,g_425069c50793546fbdae
rc2be1e6722,train,g_7c8a9fdc4be3b31fc412
rc2d44fd04e,train,g_46d4148075c2fd9d31c9
rc2fd21762f,train,g_54015112a7cd699801af
rc345b2b2d5,train,g_6988f49896af983b510b
rc358fd348e,train,g_62b2b9c11433fd1c7a67
rc36d2d9677,train,g_8d2a1222e59c46d017f3
rc36e825b9e,train,g_7aff5be4efaa534e0adb
rc3ca252c1d,validation,g_a9388a6f9ec6e0229812
rc3d42446ad,validation,g_bb01a33c56cef4208f6b
rc3d662cda6,validation,g_59901442130f93aa7e45
rc3e15eb28e,train,g_3eae169ea4f7b7ce932b
rc3ed7264a8,validation,g_46d7b5b46358b4b2bac6
rc408f32e79,train,g_d7b0dbd9b66d284f447f
rc41dbc10b1,train,g_130e69362b63b2d4bad0
rc45ea9a04b,train,g_54015112a7cd699801af
rc465403f24,train,g_479dd5bb04884a25d51d
rc482293bd0,train,g_7aff5be4efaa534e0adb
rc4985ec973,train,g_b0fbb64ffca3928d1a84
rc4c91073da,train,g_1f8704498bef01e0a959
rc4e7ac441c,validation,g_8910ecb6b7c336bf79a7
rc4f37c39cc,train,g_c52925da5758565fd511
rc52b91100a,train,g_d3f2c365e5211b3e299b
rc54b4dcccb,train,g_9afffc74993a3b8add83
rc58942a0e0,train,g_425069c50793546fbdae
rc5adfb2a3c,train,g_ae46186b0d4d28e455ae
rc5b9fda007,train,g_fce302bc627e11f4633d
rc5de5b712c,train,g_479dd5bb04884a25d51d
rc62d134df3,validation,g_46d7b5b46358b4b2bac6
rc688d74b49,train,g_4f6a74e96a3fa062ca24
rc6a78942b2,train,g_91cf39d05a8decbc82d9
rc6c6cbf5ee,train,g_bf625efa60acb15aa095
rc6e15a028b,validation,g_1c7150532e5cec15272f
rc6e203076f,train,g_e7320ab2673707a124bc
rc6e40adde2,train,g_7aff5be4efaa534e0adb
rc704f7059e,train,g_425069c50793546fbdae
rc7142466a9,train,g_eb609d9c385bb64b82f2
rc736efa018,validation,g_46d7b5b46358b4b2bac6
rc74132eb5f,train,g_16ad46dac0ca3586ee93
rc786c650a2,train,g_1d0e45d738d06ec10e39
rc79f6ea478,train,g_6988f49896af983b510b
rc7b94678e9,validation,g_a9388a6f9ec6e0229812
rc7d5446daf,train,g_6988f49896af983b510b
rc80afd65ad,train,g_1d935fdb13554fd278f5
rc80be514f2,train,g_0d613e46b76ba6603938
rc83b2226ae,train,g_1d1c3c2dac0772c79e45
rc84d42e991,train,g_2bf0c0c85ac7f3ee7a10
rc84f7011a0,train,g_a0846cd9ef586f286ba7
rc853b86160,train,g_479dd5bb04884a25d51d
rc859a3d6f6,train,g_2eb0c6de6eee006dc2fd
rc87ff8525e,train,g_7aff5be4efaa534e0adb
rc8a9624d36,train,g_9f6f4c1447a7f2beb43d
rc92a9cf601,train,g_e03fb6111a1bf97f0447
rc949773bab,train,g_5486a82b18271830fc8e
rc9572048e5,train,g_913c7a5eb3c52e547762
rc98bacfba5,train,g_e03fb6111a1bf97f0447
rc9b3d7b00a,train,g_4c544c286f8729892435
rc9be3770a3,validation,g_46d7b5b46358b4b2bac6
rc9d426f893,validation,g_46d7b5b46358b4b2bac6
rc9f399ec7b,train,g_7c8a9fdc4be3b31fc412
rca1dd9dd64,train,g_479dd5bb04884a25d51d
rca22feb0a6,train,g_3eae169ea4f7b7ce932b
rca301a3799,train,g_7aff5be4efaa534e0adb
rca5df02e5c,train,g_6988f49896af983b510b
rca5e14d716,validation,g_bb01a33c56cef4208f6b
rcaaa7b7e4e,train,g_9e71784509e22147e393
rcabadd5c8b,train,g_425069c50793546fbdae
rcabde33e06,train,g_f619ca1e97d7e47619da
rcac4991da1,train,g_130e69362b63b2d4bad0
rcaf3c281bd,validation,g_46d7b5b46358b4b2bac6
rcb166fc982,train,g_3a1a21cd04337b91aa81
rcb250f5f3e,validation,g_bb01a33c56cef4208f6b
rcb2d02934c,validation,g_a9388a6f9ec6e0229812
rcb68946a34,validation,g_46d7b5b46358b4b2bac6
rcb7855c652,train,g_6988f49896af983b510b
rcb85c2928a,train,g_6988f49896af983b510b
rcb8759599b,train,g_54015112a7cd699801af
rcb89921497,train,g_595aed2b498649a0161b
rcbaa7841e4,train,g_4664a784c3dc61fb8e79
rcbc13cc29d,validation,g_46d7b5b46358b4b2bac6
rcbf47e31e4,train,g_e1cf96619b745a00748d
rcc36048941,validation,g_a9388a6f9ec6e0229812
rcc75bbd552,train,g_5c3e622fe88dc96aec74
rcc75c208e0,train,g_0465bebf3d40565ce87f
rcca5b7156e,train,g_bf625efa60acb15aa095
rccd3988fb6,train,g_54015112a7cd699801af
rccd450b4cc,train,g_026418487f3a0330f6d6
rccf7d162f3,train,g_425069c50793546fbdae
rcd0746eed7,train,g_f619ca1e97d7e47619da
rcd3c7b7fd7,train,g_bf625efa60acb15aa095
rcd461866f1,train,g_7aff5be4efaa534e0adb
rcd62493d63,train,g_7aff5be4efaa534e0adb
rcdf11d4ab1,train,g_43b781f3969a87840e79
rce63c180a6,train,g_6988f49896af983b510b
rce9ef7fb90,validation,g_4797d19f71e7e18d759b
rcec2ef796b,train,g_6126d9be31bf068f73fc
rcef60c5d1f,train,g_3eae169ea4f7b7ce932b
rcf039f7ce7,train,g_479dd5bb04884a25d51d
rcf072248a3,train,g_479dd5bb04884a25d51d
rcf12d72ef7,train,g_1ff1a2e43604e65807bc
rcf1b9ce622,train,g_425069c50793546fbdae
rcf23882353,train,g_11470505f97c3b35e50b
rcf2cdc0bb4,train,g_d70574695a075a5d476f
rcf318bce6c,train,g_509fac818831912df97a
rcf4bf6984a,validation,g_ef54631774808f8ffc6e
rcf60667154,train,g_479dd5bb04884a25d51d
rcff5bcc5e1,validation,g_bb01a33c56cef4208f6b
rd0679e07ee,validation,g_1c7150532e5cec15272f
rd074586df2,train,g_80b1bc07824ae1c3c225
rd0b7abde84,train,g_6988f49896af983b510b
rd0c4ebfe8f,train,g_c52925da5758565fd511
rd0e7a19a76,train,g_479dd5bb04884a25d51d
rd0ec9701a5,train,g_14983568e45bca922e78
rd0fcc03bb9,train,g_550d9f21a7e50258a353
rd104f71bbb,train,g_d70574695a075a5d476f
rd116372329,validation,g_0ea7b37dc7837dbfd8e1
rd14638d473,train,g_28ce411514bcf7a5f918
rd14ffa89f7,train,g_1d1c3c2dac0772c79e45
rd1779a6ca7,validation,g_7b4ed96fb42d0cf19792
rd18ccd04d2,validation,g_46d7b5b46358b4b2bac6
rd1abbee6c6,train,g_533ab23b46779a4ec762
rd1c6872697,train,g_3eae169ea4f7b7ce932b
rd1efe3cdcf,train,g_7c8c72d0ebe4f31781ed
rd1fc002b92,train,g_99ae5abc684b719482da
rd2055d1149,train,g_7aff5be4efaa534e0adb
rd23f129760,train,g_bf625efa60acb15aa095
rd25b6711b7,train,g_2d4686b1aee5ef50c8f8
rd2643573b2,train,g_ad79a481455135b7a127
rd28c3b2546,train,g_9f6f4c1447a7f2beb43d
rd29aaec819,train,g_479dd5bb04884a25d51d
rd2a2a58b1f,validation,g_bb01a33c56cef4208f6b
rd2a374a895,train,g_3eae169ea4f7b7ce932b
rd3076ec28f,train,g_57cadb9cd2fa4d2f38ef
rd347b103f7,train,g_6841e1a133fc22661d76
rd365276ffd,train,g_c52925da5758565fd511
rd36bb1312f,train,g_7aff5be4efaa534e0adb
rd36d583afa,train,g_46e3a4936cc807ecee01
rd382bfa6c6,train,g_7c8a9fdc4be3b31fc412
rd38e091bbd,train,g_d70574695a075a5d476f
rd398d87cf2,train,g_2d4686b1aee5ef50c8f8
rd3a2133f7e,validation,g_46d7b5b46358b4b2bac6
rd3b44516b2,train,g_d7b0dbd9b66d284f447f
rd3d120e189,train,g_d150a7f10500a05001ba
rd3dd2df4f5,train,g_4c544c286f8729892435
rd40301089c,train,g_2eb0c6de6eee006dc2fd
rd414a202b7,train,g_d150a7f10500a05001ba
rd4267acd91,train,g_130e69362b63b2d4bad0
rd487d2590c,train,g_0dfea6e95bcbbf9c3e27
rd49b474aa5,train,g_a0846cd9ef586f286ba7
rd4ae8aadbc,train,g_4c544c286f8729892435
rd50e63fbf7,train,g_479dd5bb04884a25d51d
rd5184c55cf,train,g_7c8a9fdc4be3b31fc412
rd53a1a4101,train,g_54015112a7cd699801af
rd54540f0ee,validation,g_46d7b5b46358b4b2bac6
rd57e20dc8b,train,g_46d4148075c2fd9d31c9
rd5804a6a69,train,g_425069c50793546fbdae
rd5aeb9aec8,train,g_e9577c9b5ff695b147cd
rd5bf399830,train,g_019f0d69e32ee2873bf6
rd5e5a00d6c,train,g_a08ebd776d4d41bf4e07
rd5fbb12c06,train,g_3d5081024fb9ae61bb5e
rd613670ac1,train,g_3eae169ea4f7b7ce932b
rd6169aa472,train,g_54015112a7cd699801af
rd6429641ca,train,g_b4ba800ed010f536162b
rd685708efb,train,g_80251c5899067b069c52
rd68731c259,train,g_479dd5bb04884a25d51d
rd6d764f577,train,g_731608e817a1b0314217
rd6e5e13ab3,validation,g_a9388a6f9ec6e0229812
rd6fd21697f,train,g_54015112a7cd699801af
rd6ffd8f6b7,train,g_eb609d9c385bb64b82f2
rd748422162,train,g_36860bee34a8f40c4da5
rd7574e2eae,validation,g_1c7150532e5cec15272f
rd758099410,train,g_46e3a4936cc807ecee01
rd78dcab7c8,train,g_6855e10056b674fb0971
rd7a7c90ec8,validation,g_bb01a33c56cef4208f6b
rd7e8fc3cea,train,g_46e3a4936cc807ecee01
rd7ea5dd118,validation,g_a9388a6f9ec6e0229812
rd7ffe67f1b,train,g_80b1bc07824ae1c3c225
rd80681b5f8,train,g_550d9f21a7e50258a353
rd81ab1964c,train,g_07f7736e210e8a5cc589
rd8200810bc,train,g_4c544c286f8729892435
rd82e5ef189,validation,g_46d7b5b46358b4b2bac6
rd852cce066,train,g_026418487f3a0330f6d6
rd85686c839,train,g_3eae169ea4f7b7ce932b
rd86f19ff13,train,g_5486a82b18271830fc8e
rd87933c94a,validation,g_46d7b5b46358b4b2bac6
rd8875baa4a,train,g_e03fb6111a1bf97f0447
rd8b0214aa2,validation,g_46d7b5b46358b4b2bac6
rd93ffbc939,train,g_9bd6d784ab84a35e8498
rd963356dd1,validation,g_a9388a6f9ec6e0229812
rd9dce75df1,train,g_5486a82b18271830fc8e
rd9f7e46890,train,g_130e69362b63b2d4bad0
rda20a70b5f,validation,g_22863a84511ddec3c973
rda2c0c97b0,train,g_0465bebf3d40565ce87f
rda2c1d94de,validation,g_bb01a33c56cef4208f6b
rda436d5c2d,train,g_46e3a4936cc807ecee01
rda4caf26e5,validation,g_46d7b5b46358b4b2bac6
rda64280005,train,g_46d4148075c2fd9d31c9
rda6bf569d9,train,g_80251c5899067b069c52
rda82de1ad7,train,g_7aff5be4efaa534e0adb
rdaadb839f9,train,g_479dd5bb04884a25d51d
rdaaf1f89de,train,g_7c8a9fdc4be3b31fc412
rdac52027fc,train,g_550d9f21a7e50258a353
rdae1308950,train,g_bf625efa60acb15aa095
rdb3ae79ae9,train,g_31a34aedb8bb0d5fc062
rdb3efb4438,validation,g_46d7b5b46358b4b2bac6
rdb5d4fcb3c,train,g_16ad46dac0ca3586ee93
rdb5e409085,validation,g_46d7b5b46358b4b2bac6
rdb5ee061ff,validation,g_46d7b5b46358b4b2bac6
rdb63bfad16,train,g_0dfea6e95bcbbf9c3e27
rdb7cf2f7e7,train,g_7aff5be4efaa534e0adb
rdbce5d584d,train,g_e8f3d675e8ae1a6c47bc
rdbed7e5252,train,g_e03fb6111a1bf97f0447
rdc08a63670,train,g_a3a13995a1e00ba872c3
rdc3222e6ac,train,g_7c8a9fdc4be3b31fc412
rdc485eab1c,train,g_5c3e622fe88dc96aec74
rdc5f0f1cae,train,g_7c8a9fdc4be3b31fc412
rdc8b1c183f,train,g_bf625efa60acb15aa095
rdca4e55c4b,train,g_425069c50793546fbdae
rdcb1ab4b50,validation,g_46d7b5b46358b4b2bac6
rdcbc51c2fe,train,g_3d5081024fb9ae61bb5e
rdcc2aea2a0,train,g_46e3a4936cc807ecee01
rdcd37b7c67,train,g_913c7a5eb3c52e547762
rdcd7149bd2,train,g_7e97f1cc9d56d17b2c4f
rdd18fb505a,train,g_02d3691ac4715caceab7
rdd2feaabfe,train,g_9e281d41d28ef0066b51
rdd3355da44,train,g_7c8a9fdc4be3b31fc412
rdd3c8009f0,train,g_d150a7f10500a05001ba
rdd3d06864d,train,g_3c309347be9ccd2558a2
rdd60e61a31,train,g_a7503cc1e57ca032000a
rdd84b6c703,train,g_028322e98b4af6d10413
rdd93b10d26,train,g_bf625efa60acb15aa095
rdd996554b6,train,g_4d26c478a115f9b18188
rdda497beb2,validation,g_bb01a33c56cef4208f6b
rdda779a4d7,train,g_425069c50793546fbdae
rddd0c46a6e,train,g_bf625efa60acb15aa095
rddd85014a9,train,g_7c8a9fdc4be3b31fc412
rde01b1d433,train,g_47bfe8d656c2f19e923a
rde11740d72,validation,g_bb01a33c56cef4208f6b
rde198fe963,train,g_e9577c9b5ff695b147cd
rde6a383b40,train,g_e03fb6111a1bf97f0447
rde88340af9,train,g_46e3a4936cc807ecee01
rde9532e4f3,validation,g_46d7b5b46358b4b2bac6
rdeccf0465d,validation,g_ef54631774808f8ffc6e
rded907587b,train,g_425069c50793546fbdae
rdf2039bdfa,train,g_1d1c3c2dac0772c79e45
rdf52028a02,train,g_7c8a9fdc4be3b31fc412
rdfd0bc11a5,train,g_bf625efa60acb15aa095
rdfda0f1e94,train,g_425069c50793546fbdae
rdff622dc25,train,g_3eae169ea4f7b7ce932b
re013daa9eb,validation,g_46d7b5b46358b4b2bac6
re019b7756d,train,g_e9577c9b5ff695b147cd
re01fd2604d,train,g_36860bee34a8f40c4da5
re0670a0a94,train,g_fac85151194d67c9ae47
re08338e835,train,g_fce302bc627e11f4633d
re098a9c931,train,g_3eae169ea4f7b7ce932b
re0ad44d46c,train,g_33b24216a7a79c8ea245
re0bab6edb9,train,g_3eae169ea4f7b7ce932b
re0ccb03d76,train,g_731608e817a1b0314217
re0d77ae2f2,train,g_425069c50793546fbdae
re0ea38954a,train,g_0fb0b6f2e5098b659573
re0ecf56933,validation,g_46d7b5b46358b4b2bac6
re0f39c0da8,validation,g_42208d6c736b6bfce214
re0f6e1a76e,train,g_2df763992eef446a425d
re0f91313ee,train,g_80f54a1ac2cec10a6d4d
re0fcf0d727,validation,g_a9388a6f9ec6e0229812
re104def0ae,validation,g_42208d6c736b6bfce214
re147cf632b,train,g_3b029a089b7290a01562
re149a7ad52,train,g_3a1a21cd04337b91aa81
re1719434c0,validation,g_46d7b5b46358b4b2bac6
re1934b6d95,train,g_6988f49896af983b510b
re19b2fdc94,train,g_1c1686a062ed38b65139
re1a8099707,train,g_3d18c13a9516e4474592
re1d9c5766e,train,g_d70574695a075a5d476f
re1fa76193c,train,g_6988f49896af983b510b
re2441fcdb8,train,g_7aff5be4efaa534e0adb
re269426715,train,g_2fdf55e1de60c104f543
re2862afc1d,train,g_7c8a9fdc4be3b31fc412
re299b6c718,train,g_731608e817a1b0314217
re2b55e87ba,train,g_130e69362b63b2d4bad0
re2be3ebe1c,train,g_7aff5be4efaa534e0adb
re2d2074d02,train,g_05596eb8b34965ac1c12
re309d19948,train,g_8225f784c3b179ef8cb6
re396c773d1,train,g_bf625efa60acb15aa095
re3bfa55b1b,train,g_943f91a638329871fa4d
re3ea6f927f,train,g_4c544c286f8729892435
re3fbd185f1,train,g_6988f49896af983b510b
re40a5133e1,train,g_1d0e45d738d06ec10e39
re40c5dd40a,train,g_6988f49896af983b510b
re419b315f7,train,g_f9aa0de4a54979a5219e
re421e3c3f5,validation,g_a9388a6f9ec6e0229812
re429f86cb1,train,g_5486a82b18271830fc8e
re43ee91072,train,g_6988f49896af983b510b
re47f2957df,train,g_46e3a4936cc807ecee01
re48376224d,train,g_46e3a4936cc807ecee01
re4aae37f49,train,g_7aff5be4efaa534e0adb
re4bcf54f19,train,g_7c8a9fdc4be3b31fc412
re4e05e56d6,train,g_731608e817a1b0314217
re4f7c1a6e5,train,g_425069c50793546fbdae
re5153d8644,train,g_ed7ac21416ea56181ad8
re51dda3a94,train,g_019f0d69e32ee2873bf6
re5296a4677,train,g_f619ca1e97d7e47619da
re5401aeec6,train,g_8176c7d64b54ee186fc9
re541f81d2a,train,g_46e3a4936cc807ecee01
re54b0132aa,validation,g_46d7b5b46358b4b2bac6
re55efc49ef,train,g_8e9e483aee7bfe1ba413
re5904d2cd6,train,g_2a021c2e2f7cb9d43c55
re593fa64ac,validation,g_1c7150532e5cec15272f
re5f2e9fc6a,train,g_7c8a9fdc4be3b31fc412
re61d8f88a0,train,g_bf625efa60acb15aa095
re621bd0ada,train,g_acf8801c797ba8d29269
re64825713b,train,g_d150a7f10500a05001ba
re6561be2b4,validation,g_a9388a6f9ec6e0229812
re6769e477a,train,g_6fb27dafd478c4523f13
re6b0aa7848,train,g_026418487f3a0330f6d6
re6b2d4838e,train,g_3d5081024fb9ae61bb5e
re6b3aab7e9,validation,g_bb01a33c56cef4208f6b
re6c63fd884,train,g_425069c50793546fbdae
re6cc3665d4,validation,g_bb01a33c56cef4208f6b
re6fdd06bfe,train,g_6988f49896af983b510b
re7022ab548,train,g_28ce411514bcf7a5f918
re716039db8,train,g_731608e817a1b0314217
re72f5eba71,train,g_1d1c3c2dac0772c79e45
re735827696,train,g_425069c50793546fbdae
re744769d9c,train,g_46e3a4936cc807ecee01
re77396a600,train,g_36860bee34a8f40c4da5
re786fb9cf3,train,g_e012050ca487d5e9a930
re7d2e68486,train,g_c347dae8b1a120d850d9
re804042520,train,g_425069c50793546fbdae
re807125c56,train,g_e03fb6111a1bf97f0447
re848625106,train,g_6988f49896af983b510b
re865e5d665,train,g_7aff5be4efaa534e0adb
re88a41f5b2,train,g_1d1c3c2dac0772c79e45
re88c1c86e0,train,g_533ab23b46779a4ec762
re8b0bd52f2,train,g_7aff5be4efaa534e0adb
re8bfc18b03,train,g_6126d9be31bf068f73fc
re8ea67aeff,train,g_d150a7f10500a05001ba
re8f6fc2518,train,g_6988f49896af983b510b
re9382970ea,train,g_1f8704498bef01e0a959
re97961e4d4,train,g_54015112a7cd699801af
re9e11b59dc,train,g_4d9faaf68368bc3228c0
rea09bb2bd2,train,g_69febd087433a321aa11
rea1059b0e6,train,g_a0846cd9ef586f286ba7
rea1c812cb7,validation,g_bb01a33c56cef4208f6b
rea1cbaee64,validation,g_1c7150532e5cec15272f
rea48da19f0,train,g_21364adbecb0c1dbba4f
rea6360a303,train,g_e80b90722e0ccdf8fbaf
rea765f102f,train,g_6988f49896af983b510b
rea89704b70,train,g_3d5081024fb9ae61bb5e
rea8b721457,validation,g_46d7b5b46358b4b2bac6
rea90a35610,train,g_425069c50793546fbdae
reaa1c92ef1,train,g_425069c50793546fbdae
reab1cfde2e,validation,g_46d7b5b46358b4b2bac6
read667d246,train,g_bf625efa60acb15aa095
reafeaa2e51,train,g_ad79a481455135b7a127
reb29b98878,train,g_e03fb6111a1bf97f0447
reb377198cc,train,g_239cdf76f45054449c76
reb42c27488,train,g_9e71784509e22147e393
reb47b378ac,validation,g_46d7b5b46358b4b2bac6
reb5944e0dd,train,g_28ce411514bcf7a5f918
reb6b4ea1cf,train,g_425069c50793546fbdae
reb71e9e51e,train,g_7c8a9fdc4be3b31fc412
reb73883c41,train,g_a867652ead939eae5eda
reb847f1b58,validation,g_46d7b5b46358b4b2bac6
reb9749605d,validation,g_46d7b5b46358b4b2bac6
rebb8da6db6,train,g_80251c5899067b069c52
rebe56bea28,train,g_d3dc054a9f5cfb77f9e0
rec0f725a2c,validation,g_46d7b5b46358b4b2bac6
rec337bddda,train,g_8d2a1222e59c46d017f3
rec572ff5a2,train,g_5a6cbe2d23a24c896e26
rec68568d1a,train,g_1f8704498bef01e0a959
rec8f2c7f94,train,g_bf625efa60acb15aa095
rec93c33b7a,train,g_54015112a7cd699801af
rec972004a2,train,g_28ce411514bcf7a5f918
recb79ae704,train,g_46e3a4936cc807ecee01
recb8f884ba,validation,g_59901442130f93aa7e45
recbb7ef31f,train,g_8d2a1222e59c46d017f3
recd93ce8ad,train,g_0cf3763fb84eb918de4f
reced0e0628,train,g_99331408c85898935584
recf9af6634,train,g_bf625efa60acb15aa095
red1ac12e45,train,g_8d2a1222e59c46d017f3
red5f0cd556,validation,g_eb9fd3eb1dd694f13ce3
red79026036,train,g_36860bee34a8f40c4da5
redde4fa6b7,validation,g_46d7b5b46358b4b2bac6
ree057eca80,train,g_55b951b745bc9a5f03c4
ree05d80e79,train,g_731608e817a1b0314217
ree502381b8,train,g_d70574695a075a5d476f
ree73ff9179,train,g_bf8a7c2b201cc211e893
ree9dec6e5b,train,g_9ce9e81aaf14a5f32d42
reea82f2d43,validation,g_46d7b5b46358b4b2bac6
reeb944ba25,train,g_7aff5be4efaa534e0adb
reec6e7ab14,train,g_e9577c9b5ff695b147cd
reec8c5b799,train,g_d70574695a075a5d476f
reecf410e94,train,g_eb609d9c385bb64b82f2
ref0e48f1b4,train,g_85ae061a38d30f75bcf8
ref10ff1c6a,validation,g_46d7b5b46358b4b2bac6
ref2b1127ab,train,g_425069c50793546fbdae
ref5f6881c3,validation,g_1c7150532e5cec15272f
ref668b020b,train,g_dfc6cbe8cd727cfbd89c
ref7d1c2057,train,g_3eae169ea4f7b7ce932b
refab60b79d,train,g_bf625efa60acb15aa095
refab73efec,train,g_425069c50793546fbdae
refc10ffa2d,train,g_f619ca1e97d7e47619da
refc34589f9,train,g_1d1c3c2dac0772c79e45
refc3b68335,train,g_46e3a4936cc807ecee01
refe983f83d,train,g_731608e817a1b0314217
reff9e1d7b1,train,g_69a034ea92bad62fd5e1
rf00a03b42d,train,g_3d5081024fb9ae61bb5e
rf01a2e40db,train,g_3bd2ecd273e010ebe3bf
rf020716034,validation,g_46d7b5b46358b4b2bac6
rf03b1e88b6,train,g_bf625efa60acb15aa095
rf044a28f66,train,g_425069c50793546fbdae
rf045e2286c,train,g_7c8a9fdc4be3b31fc412
rf05dd45bd1,train,g_6988f49896af983b510b
rf06da4ec5b,train,g_f17fb68555082c032713
rf0e363eaa6,validation,g_46d7b5b46358b4b2bac6
rf0eb2272c9,validation,g_4797d19f71e7e18d759b
rf0fa12f334,validation,g_a9388a6f9ec6e0229812
rf10e9c38c8,train,g_731608e817a1b0314217
rf132907e72,train,g_3eae169ea4f7b7ce932b
rf16db4ff16,train,g_3eae169ea4f7b7ce932b
rf198195009,train,g_d70574695a075a5d476f
rf19b9da1f6,train,g_21364adbecb0c1dbba4f
rf1b16976fb,validation,g_1c7150532e5cec15272f
rf1c44bb255,validation,g_46d7b5b46358b4b2bac6
rf1f487cf2a,train,g_9e71784509e22147e393
rf2203b9b0d,train,g_f619ca1e97d7e47619da
rf22cf7034d,train,g_425069c50793546fbdae
rf2450dde4b,train,g_acf8801c797ba8d29269
rf246d933c9,train,g_3eae169ea4f7b7ce932b
rf27646d7e0,train,g_425069c50793546fbdae
rf2db641922,train,g_1d1c3c2dac0772c79e45
rf2fc4c8751,train,g_dc632bc5aab50804861a
rf378f29972,train,g_533ab23b46779a4ec762
rf399184c9e,train,g_019f0d69e32ee2873bf6
rf3c900f03b,validation,g_bb01a33c56cef4208f6b
rf3d5223f64,validation,g_bb01a33c56cef4208f6b
rf3ea78f315,train,g_e03fb6111a1bf97f0447
rf3ffbc0e0f,train,g_479dd5bb04884a25d51d
rf4035d43d3,train,g_16ad46dac0ca3586ee93
rf43632edf5,train,g_f619ca1e97d7e47619da
rf454f7c957,validation,g_1c7150532e5cec15272f
rf45725e8b2,train,g_6988f49896af983b510b
rf460569746,validation,g_59901442130f93aa7e45
rf47ee1f380,train,g_54015112a7cd699801af
rf486fa258a,train,g_31a34aedb8bb0d5fc062
rf4cd1a222f,train,g_0465bebf3d40565ce87f
rf5146126db,train,g_36860bee34a8f40c4da5
rf524b9ee33,train,g_69a034ea92bad62fd5e1
rf54e3018a4,train,g_479dd5bb04884a25d51d
rf55cfd22e3,train,g_3eae169ea4f7b7ce932b
rf57248d9ac,train,g_2ee8923e359d4bf2348b
rf587a25f8f,train,g_425069c50793546fbdae
rf59e7f64d7,train,g_2eb0c6de6eee006dc2fd
rf59f65fc33,validation,g_a9388a6f9ec6e0229812
rf5a9f0c41c,train,g_9c591fe0f8800c92d6e7
rf5c1097ad1,validation,g_1c7150532e5cec15272f
rf5c1b1ad0f,train,g_550d9f21a7e50258a353
rf5c3d7f169,train,g_479dd5bb04884a25d51d
rf6ae555d3a,train,g_3eae169ea4f7b7ce932b
rf6cb605d99,train,g_6988f49896af983b510b
rf6e03e8a8d,train,g_f9aa0de4a54979a5219e
rf6e17c01c5,train,g_6fb27dafd478c4523f13
rf6eb845bd1,train,g_425069c50793546fbdae
rf6ecf58e08,train,g_3a3925ed2da58d9e5cd8
rf71d11b778,train,g_3eae169ea4f7b7ce932b
rf72da7ba41,train,g_2bf0c0c85ac7f3ee7a10
rf73ac907bc,train,g_16ad46dac0ca3586ee93
rf746d7b9c7,validation,g_a9388a6f9ec6e0229812
rf74b871675,validation,g_46d7b5b46358b4b2bac6
rf77c3d177f,train,g_550d9f21a7e50258a353
rf79a98d229,train,g_731608e817a1b0314217
rf7a21e2a7d,train,g_cf56bfffc5df19303eea
rf7ae853c7a,train,g_5ff73b8bb3f4a93fc4d8
rf7b3370a23,validation,g_a9388a6f9ec6e0229812
rf7b613c35e,train,g_533ab23b46779a4ec762
rf7b67da561,train,g_9a9760fc200dada6b10d
rf7b71ec09d,train,g_16ad46dac0ca3586ee93
rf7c840ea3d,validation,g_bb01a33c56cef4208f6b
rf80a7d3140,validation,g_a9388a6f9ec6e0229812
rf8259e85ea,train,g_3825318f99a8a52ce663
rf8351ec560,train,g_479dd5bb04884a25d51d
rf83551746c,train,g_1d935fdb13554fd278f5
rf8454cf050,train,g_d70574695a075a5d476f
rf84a812c73,train,g_1f8704498bef01e0a959
rf865492456,train,g_6988f49896af983b510b
rf87a726b3d,validation,g_1c7150532e5cec15272f
rf88bef9b87,train,g_731608e817a1b0314217
rf89c835356,train,g_1cc3404ed5249fe50fc7
rf8a037ba58,train,g_6988f49896af983b510b
rf8a09d5698,validation,g_bb01a33c56cef4208f6b
rf8aa7fb1fe,train,g_bf625efa60acb15aa095
rf8b3d7bac3,train,g_bf625efa60acb15aa095
rf8e3813196,train,g_425069c50793546fbdae
rf8fa5b4b65,train,g_7c8a9fdc4be3b31fc412
rf90f6f8a89,train,g_a0846cd9ef586f286ba7
rf91f5cb9ba,train,g_fce302bc627e11f4633d
rf93a24cb49,train,g_91c31531eaa0cffc4bb6
rf96601787f,train,g_9f6f4c1447a7f2beb43d
rf98c2830a4,train,g_7c8a9fdc4be3b31fc412
rf9a1bb82e0,train,g_32b2042e816a2f690871
rf9bc5a985d,train,g_5486a82b18271830fc8e
rf9f2c07f77,train,g_130e69362b63b2d4bad0
rfa0917cb6e,train,g_bf8a7c2b201cc211e893
rfa29c4f6f5,train,g_e65694e7b61709202a38
rfa2b7f7e16,train,g_479dd5bb04884a25d51d
rfa60ed1483,validation,g_a9388a6f9ec6e0229812
rfa820df17b,train,g_3eae169ea4f7b7ce932b
rfa89695e41,train,g_7c8a9fdc4be3b31fc412
rfa8d4f8035,train,g_3c9cb848a138d55f8c77
rfa9ef26b0e,train,g_5a6cbe2d23a24c896e26
rfad16b132b,train,g_54015112a7cd699801af
rfae1084b4b,train,g_425069c50793546fbdae
rfaead01905,train,g_1cc3404ed5249fe50fc7
rfb24bb29f6,train,g_731608e817a1b0314217
rfb47b5837f,validation,g_a9388a6f9ec6e0229812
rfb5b54b4de,train,g_479dd5bb04884a25d51d
rfb84dc72d9,train,g_d70574695a075a5d476f
rfbacce2c7f,train,g_6855e10056b674fb0971
rfbc2da4024,train,g_6988f49896af983b510b
rfbc83cee64,train,g_5a6cbe2d23a24c896e26
rfbec6047e6,train,g_6988f49896af983b510b
rfbf9f3efa1,validation,g_46d7b5b46358b4b2bac6
rfc8596706b,train,g_eb609d9c385bb64b82f2
rfcd61234c1,train,g_2bf0c0c85ac7f3ee7a10
rfce45e2577,train,g_425069c50793546fbdae
rfda623d092,train,g_026418487f3a0330f6d6
rfdbc121686,train,g_e03fb6111a1bf97f0447
rfdbe679d81,train,g_d150a7f10500a05001ba
rfdd760a063,train,g_425069c50793546fbdae
rfdd9da7674,validation,g_46d7b5b46358b4b2bac6
rfddc73f3b5,validation,g_1c7150532e5cec15272f
rfdfc6fa4fc,train,g_6988f49896af983b510b
rfe1ce2297d,train,g_6988f49896af983b510b
rfe8fb6a79d,train,g_e4e4d29465897dc786aa
rfec7223352,validation,g_beb256d74c4a98913610
rfed17b4433,validation,g_46d7b5b46358b4b2bac6
rfed18875d2,train,g_54015112a7cd699801af
rfeeb441c52,train,g_eb609d9c385bb64b82f2
rff0564a9dc,train,g_479dd5bb04884a25d51d
rff25ca479a,validation,g_46d7b5b46358b4b2bac6
rff28a7509f,train,g_1d1c3c2dac0772c79e45
rff2c95aa71,validation,g_46d7b5b46358b4b2bac6
rff4404cf1e,train,g_fce302bc627e11f4633d
rff4add65e7,train,g_1f8704498bef01e0a959
rff671cf21b,validation,g_1c7150532e5cec15272f
rff71c216fd,train,g_e012050ca487d5e9a930
rff9169084e,validation,g_46d7b5b46358b4b2bac6
rffba75a791,train,g_7aff5be4efaa534e0adb
rffe5c58333,train,g_57cadb9cd2fa4d2f38ef
rffe8a0db1a,validation,g_59901442130f93aa7e45
rfff961d064,train,g_8d2a1222e59c46d017f3
